{
"meta":{"test_sets":[],"test_metrics":[],"learn_metrics":[{"best_value":"Min","name":"Logloss"}],"launch_mode":"Train","parameters":"","iteration_count":1000,"learn_sets":["learn"],"name":"experiment"},
"iterations":[
{"learn":[0.2598694231],"iteration":0,"passed_time":0.005166005504,"remaining_time":5.160839499},
{"learn":[0.1750360911],"iteration":1,"passed_time":0.01237916851,"remaining_time":6.177205085},
{"learn":[0.149662822],"iteration":2,"passed_time":0.01922938606,"remaining_time":6.390565966},
{"learn":[0.1271859942],"iteration":3,"passed_time":0.02554744277,"remaining_time":6.361313249},
{"learn":[0.1193935724],"iteration":4,"passed_time":0.03189989857,"remaining_time":6.348079814},
{"learn":[0.1111047534],"iteration":5,"passed_time":0.03791566502,"remaining_time":6.281361838},
{"learn":[0.1042729471],"iteration":6,"passed_time":0.04402386279,"remaining_time":6.245099392},
{"learn":[0.09852660943],"iteration":7,"passed_time":0.05038504097,"remaining_time":6.24774508},
{"learn":[0.09375146129],"iteration":8,"passed_time":0.05636913148,"remaining_time":6.206867699},
{"learn":[0.08910999773],"iteration":9,"passed_time":0.06257415381,"remaining_time":6.194841227},
{"learn":[0.08538676046],"iteration":10,"passed_time":0.06858417746,"remaining_time":6.166341046},
{"learn":[0.07915074426],"iteration":11,"passed_time":0.07472891965,"remaining_time":6.152681051},
{"learn":[0.07420119257],"iteration":12,"passed_time":0.08167782981,"remaining_time":6.201232156},
{"learn":[0.06803794146],"iteration":13,"passed_time":0.08771672133,"remaining_time":6.177763373},
{"learn":[0.06368398239],"iteration":14,"passed_time":0.09404313258,"remaining_time":6.17549904},
{"learn":[0.06159828668],"iteration":15,"passed_time":0.1001504456,"remaining_time":6.159252405},
{"learn":[0.05879320519],"iteration":16,"passed_time":0.1062374449,"remaining_time":6.143024018},
{"learn":[0.05697620785],"iteration":17,"passed_time":0.1127546435,"remaining_time":6.151392216},
{"learn":[0.05599440669],"iteration":18,"passed_time":0.11909445,"remaining_time":6.1490345},
{"learn":[0.0541530899],"iteration":19,"passed_time":0.1258822405,"remaining_time":6.168229785},
{"learn":[0.05280571751],"iteration":20,"passed_time":0.1321310743,"remaining_time":6.159824846},
{"learn":[0.05153714287],"iteration":21,"passed_time":0.138077678,"remaining_time":6.138180411},
{"learn":[0.04876943724],"iteration":22,"passed_time":0.1452762973,"remaining_time":6.171084453},
{"learn":[0.04661221921],"iteration":23,"passed_time":0.1512857647,"remaining_time":6.152287766},
{"learn":[0.04532464435],"iteration":24,"passed_time":0.1576679715,"remaining_time":6.14905089},
{"learn":[0.04389125126],"iteration":25,"passed_time":0.1639502091,"remaining_time":6.141827063},
{"learn":[0.04228723559],"iteration":26,"passed_time":0.1703671011,"remaining_time":6.139525531},
{"learn":[0.04124066465],"iteration":27,"passed_time":0.1764363045,"remaining_time":6.124860286},
{"learn":[0.04051393476],"iteration":28,"passed_time":0.1827096162,"remaining_time":6.117621975},
{"learn":[0.04005446472],"iteration":29,"passed_time":0.1900006323,"remaining_time":6.143353777},
{"learn":[0.03908721297],"iteration":30,"passed_time":0.1960927989,"remaining_time":6.129481361},
{"learn":[0.0385794585],"iteration":31,"passed_time":0.2027027198,"remaining_time":6.131757273},
{"learn":[0.03765374682],"iteration":32,"passed_time":0.2101970883,"remaining_time":6.159411649},
{"learn":[0.03710087471],"iteration":33,"passed_time":0.2172910526,"remaining_time":6.173622259},
{"learn":[0.0365604096],"iteration":34,"passed_time":0.2532616282,"remaining_time":6.982784892},
{"learn":[0.03579214283],"iteration":35,"passed_time":0.2616430923,"remaining_time":7.006220583},
{"learn":[0.03424236793],"iteration":36,"passed_time":0.2689977665,"remaining_time":7.001212138},
{"learn":[0.03343673527],"iteration":37,"passed_time":0.2749122606,"remaining_time":6.959620914},
{"learn":[0.03315806556],"iteration":38,"passed_time":0.2812353902,"remaining_time":6.92992846},
{"learn":[0.03288937031],"iteration":39,"passed_time":0.2883607387,"remaining_time":6.920657729},
{"learn":[0.03196968363],"iteration":40,"passed_time":0.2943730704,"remaining_time":6.885457914},
{"learn":[0.03148024895],"iteration":41,"passed_time":0.3006159218,"remaining_time":6.856906025},
{"learn":[0.03109584464],"iteration":42,"passed_time":0.3067788805,"remaining_time":6.827613688},
{"learn":[0.03083168107],"iteration":43,"passed_time":0.3131663805,"remaining_time":6.804251357},
{"learn":[0.03061599139],"iteration":44,"passed_time":0.3196409304,"remaining_time":6.783490857},
{"learn":[0.03024500384],"iteration":45,"passed_time":0.3257001084,"remaining_time":6.754737032},
{"learn":[0.02989010308],"iteration":46,"passed_time":0.3329328768,"remaining_time":6.750745352},
{"learn":[0.02954184783],"iteration":47,"passed_time":0.3393129102,"remaining_time":6.729706052},
{"learn":[0.02929076751],"iteration":48,"passed_time":0.3453654038,"remaining_time":6.702908143},
{"learn":[0.02892193427],"iteration":49,"passed_time":0.351903159,"remaining_time":6.68616002},
{"learn":[0.02837516521],"iteration":50,"passed_time":0.3579102319,"remaining_time":6.659937452},
{"learn":[0.02826632131],"iteration":51,"passed_time":0.3641885755,"remaining_time":6.639437876},
{"learn":[0.02799747904],"iteration":52,"passed_time":0.3703984807,"remaining_time":6.618252098},
{"learn":[0.02775733613],"iteration":53,"passed_time":0.3766545535,"remaining_time":6.59842977},
{"learn":[0.02754752099],"iteration":54,"passed_time":0.3829531804,"remaining_time":6.579831917},
{"learn":[0.02732070452],"iteration":55,"passed_time":0.3888731296,"remaining_time":6.555289899},
{"learn":[0.02707445194],"iteration":56,"passed_time":0.395505564,"remaining_time":6.543188542},
{"learn":[0.02688481583],"iteration":57,"passed_time":0.4016566869,"remaining_time":6.523458605},
{"learn":[0.02670115911],"iteration":58,"passed_time":0.4078676276,"remaining_time":6.505143009},
{"learn":[0.02652567594],"iteration":59,"passed_time":0.4158529797,"remaining_time":6.515030015},
{"learn":[0.02628958728],"iteration":60,"passed_time":0.4220742567,"remaining_time":6.497175853},
{"learn":[0.02601105903],"iteration":61,"passed_time":0.4361518356,"remaining_time":6.59855519},
{"learn":[0.02589810726],"iteration":62,"passed_time":0.4437740122,"remaining_time":6.600257928},
{"learn":[0.02550137024],"iteration":63,"passed_time":0.4506352946,"remaining_time":6.590541184},
{"learn":[0.02541072376],"iteration":64,"passed_time":0.457151901,"remaining_time":6.575954268},
{"learn":[0.02520955591],"iteration":65,"passed_time":0.4640103681,"remaining_time":6.566449755},
{"learn":[0.02507438721],"iteration":66,"passed_time":0.4703283198,"remaining_time":6.549497349},
{"learn":[0.0249746293],"iteration":67,"passed_time":0.4767447759,"remaining_time":6.53420781},
{"learn":[0.02486612675],"iteration":68,"passed_time":0.4834644269,"remaining_time":6.523266398},
{"learn":[0.0244729354],"iteration":69,"passed_time":0.490103339,"remaining_time":6.511372932},
{"learn":[0.02437230613],"iteration":70,"passed_time":0.4976905628,"remaining_time":6.512035674},
{"learn":[0.02426087916],"iteration":71,"passed_time":0.5045521441,"remaining_time":6.503116524},
{"learn":[0.02411802325],"iteration":72,"passed_time":0.5107076699,"remaining_time":6.485287808},
{"learn":[0.02399845117],"iteration":73,"passed_time":0.5174725348,"remaining_time":6.475399558},
{"learn":[0.02384637771],"iteration":74,"passed_time":0.5239579365,"remaining_time":6.462147883},
{"learn":[0.02380676818],"iteration":75,"passed_time":0.5302392965,"remaining_time":6.446593552},
{"learn":[0.02370787039],"iteration":76,"passed_time":0.5378723064,"remaining_time":6.447482323},
{"learn":[0.02348641829],"iteration":77,"passed_time":0.5440685318,"remaining_time":6.431169056},
{"learn":[0.02339283515],"iteration":78,"passed_time":0.5507540523,"remaining_time":6.42081623},
{"learn":[0.02327665347],"iteration":79,"passed_time":0.5573719061,"remaining_time":6.40977692},
{"learn":[0.02309897917],"iteration":80,"passed_time":0.5641850864,"remaining_time":6.401062894},
{"learn":[0.02309902571],"iteration":81,"passed_time":0.5691961285,"remaining_time":6.372220073},
{"learn":[0.02302142633],"iteration":82,"passed_time":0.5756565947,"remaining_time":6.359965029},
{"learn":[0.0230205564],"iteration":83,"passed_time":0.5946769801,"remaining_time":6.484810879},
{"learn":[0.02290250339],"iteration":84,"passed_time":0.6005200187,"remaining_time":6.464421378},
{"learn":[0.02276348827],"iteration":85,"passed_time":0.6076651545,"remaining_time":6.458208735},
{"learn":[0.02264378149],"iteration":86,"passed_time":0.6154835159,"remaining_time":6.459039655},
{"learn":[0.02264319174],"iteration":87,"passed_time":0.6210550866,"remaining_time":6.436389079},
{"learn":[0.02264313313],"iteration":88,"passed_time":0.6277252195,"remaining_time":6.425367134},
{"learn":[0.02264297222],"iteration":89,"passed_time":0.6326943013,"remaining_time":6.39724238},
{"learn":[0.02264290455],"iteration":90,"passed_time":0.6376859457,"remaining_time":6.369851919},
{"learn":[0.0226426103],"iteration":91,"passed_time":0.6433222916,"remaining_time":6.349311313},
{"learn":[0.02264230423],"iteration":92,"passed_time":0.6484417641,"remaining_time":6.324050323},
{"learn":[0.02264228018],"iteration":93,"passed_time":0.6532129447,"remaining_time":6.295860935},
{"learn":[0.02264219687],"iteration":94,"passed_time":0.6585534644,"remaining_time":6.273588266},
{"learn":[0.02264203111],"iteration":95,"passed_time":0.6633787784,"remaining_time":6.24681683},
{"learn":[0.02264147614],"iteration":96,"passed_time":0.668577617,"remaining_time":6.223975136},
{"learn":[0.02264093654],"iteration":97,"passed_time":0.6743682107,"remaining_time":6.206940062},
{"learn":[0.02264045922],"iteration":98,"passed_time":0.6793218801,"remaining_time":6.182515293},
{"learn":[0.02264033622],"iteration":99,"passed_time":0.6843627462,"remaining_time":6.159264716},
{"learn":[0.02263978842],"iteration":100,"passed_time":0.6896406072,"remaining_time":6.138484217},
{"learn":[0.02263978842],"iteration":101,"passed_time":0.6943944953,"remaining_time":6.113394674},
{"learn":[0.02263978842],"iteration":102,"passed_time":0.699170957,"remaining_time":6.088896587},
{"learn":[0.02263978842],"iteration":103,"passed_time":0.7046507015,"remaining_time":6.070836813},
{"learn":[0.02263978842],"iteration":104,"passed_time":0.7095610179,"remaining_time":6.048162962},
{"learn":[0.02263978842],"iteration":105,"passed_time":0.714156039,"remaining_time":6.023165083},
{"learn":[0.02263978842],"iteration":106,"passed_time":0.7188905749,"remaining_time":5.999712929},
{"learn":[0.02263978842],"iteration":107,"passed_time":0.7236030084,"remaining_time":5.976424847},
{"learn":[0.02263978842],"iteration":108,"passed_time":0.7283895709,"remaining_time":5.954083557},
{"learn":[0.02263978842],"iteration":109,"passed_time":0.7331483122,"remaining_time":5.931836344},
{"learn":[0.02263978842],"iteration":110,"passed_time":0.7379575182,"remaining_time":5.910308411},
{"learn":[0.02263978842],"iteration":111,"passed_time":0.7429646984,"remaining_time":5.89064868},
{"learn":[0.02263978842],"iteration":112,"passed_time":0.7477419255,"remaining_time":5.869443256},
{"learn":[0.02263978842],"iteration":113,"passed_time":0.7542835658,"remaining_time":5.862238941},
{"learn":[0.02263978842],"iteration":114,"passed_time":0.7591509611,"remaining_time":5.842161744},
{"learn":[0.02263951859],"iteration":115,"passed_time":0.7656965266,"remaining_time":5.8351356},
{"learn":[0.02263952194],"iteration":116,"passed_time":0.7726579746,"remaining_time":5.831256338},
{"learn":[0.02263934895],"iteration":117,"passed_time":0.7781156046,"remaining_time":5.816084435},
{"learn":[0.02263889584],"iteration":118,"passed_time":0.7845433707,"remaining_time":5.808258064},
{"learn":[0.02263886462],"iteration":119,"passed_time":0.7893945906,"remaining_time":5.788893665},
{"learn":[0.02263844877],"iteration":120,"passed_time":0.794233239,"remaining_time":5.769677827},
{"learn":[0.02263844898],"iteration":121,"passed_time":0.7991940465,"remaining_time":5.751576827},
{"learn":[0.02263826387],"iteration":122,"passed_time":0.8052243286,"remaining_time":5.741314929},
{"learn":[0.02263813359],"iteration":123,"passed_time":0.8101614597,"remaining_time":5.723398699},
{"learn":[0.02263813359],"iteration":124,"passed_time":0.8150418023,"remaining_time":5.705292616},
{"learn":[0.02263791235],"iteration":125,"passed_time":0.8228657165,"remaining_time":5.707814573},
{"learn":[0.02263783281],"iteration":126,"passed_time":0.8284984153,"remaining_time":5.695111154},
{"learn":[0.02263756304],"iteration":127,"passed_time":0.8345655448,"remaining_time":5.685477774},
{"learn":[0.02263736412],"iteration":128,"passed_time":0.8415368812,"remaining_time":5.682004833},
{"learn":[0.02263717048],"iteration":129,"passed_time":0.8469804555,"remaining_time":5.668253818},
{"learn":[0.02263676374],"iteration":130,"passed_time":0.8520446077,"remaining_time":5.652112703},
{"learn":[0.02263640025],"iteration":131,"passed_time":0.8597236586,"remaining_time":5.653334361},
{"learn":[0.0226363741],"iteration":132,"passed_time":0.8658580251,"remaining_time":5.64435269},
{"learn":[0.02263626879],"iteration":133,"passed_time":0.8708510607,"remaining_time":5.628037452},
{"learn":[0.02263580931],"iteration":134,"passed_time":0.8759227612,"remaining_time":5.612393988},
{"learn":[0.02263546189],"iteration":135,"passed_time":0.8811538937,"remaining_time":5.597918854},
{"learn":[0.02263507246],"iteration":136,"passed_time":0.8863119213,"remaining_time":5.583118161},
{"learn":[0.02263431582],"iteration":137,"passed_time":0.8914624158,"remaining_time":5.568410162},
{"learn":[0.02256336878],"iteration":138,"passed_time":0.8978995358,"remaining_time":5.561809355},
{"learn":[0.02243064467],"iteration":139,"passed_time":0.903929055,"remaining_time":5.552707052},
{"learn":[0.02233548769],"iteration":140,"passed_time":0.9106417844,"remaining_time":5.547810587},
{"learn":[0.02233537516],"iteration":141,"passed_time":0.9169726995,"remaining_time":5.540581522},
{"learn":[0.02218825372],"iteration":142,"passed_time":0.9231764316,"remaining_time":5.53260281},
{"learn":[0.02210904258],"iteration":143,"passed_time":0.9297619235,"remaining_time":5.526918101},
{"learn":[0.02201912918],"iteration":144,"passed_time":0.9365303057,"remaining_time":5.522299389},
{"learn":[0.02189399375],"iteration":145,"passed_time":0.9425438796,"remaining_time":5.513236118},
{"learn":[0.02178500494],"iteration":146,"passed_time":0.9500822127,"remaining_time":5.513062091},
{"learn":[0.02165323944],"iteration":147,"passed_time":0.9562036984,"remaining_time":5.504632101},
{"learn":[0.02165312022],"iteration":148,"passed_time":0.9613228583,"remaining_time":5.490508406},
{"learn":[0.02154409759],"iteration":149,"passed_time":0.967429184,"remaining_time":5.482098709},
{"learn":[0.02154390794],"iteration":150,"passed_time":0.9724718773,"remaining_time":5.46773923},
{"learn":[0.02154386313],"iteration":151,"passed_time":0.9776471076,"remaining_time":5.454241758},
{"learn":[0.02154366637],"iteration":152,"passed_time":0.9831197854,"remaining_time":5.442499727},
{"learn":[0.02154345256],"iteration":153,"passed_time":0.9880286849,"remaining_time":5.427741996},
{"learn":[0.02154266918],"iteration":154,"passed_time":0.9932846855,"remaining_time":5.415003608},
{"learn":[0.02154258635],"iteration":155,"passed_time":0.9979719215,"remaining_time":5.399283986},
{"learn":[0.02154190941],"iteration":156,"passed_time":1.002970032,"remaining_time":5.385374118},
{"learn":[0.02154135293],"iteration":157,"passed_time":1.009755579,"remaining_time":5.381102515},
{"learn":[0.02154078194],"iteration":158,"passed_time":1.014666561,"remaining_time":5.366884138},
{"learn":[0.02154031454],"iteration":159,"passed_time":1.02104082,"remaining_time":5.360464304},
{"learn":[0.02154022309],"iteration":160,"passed_time":1.027157177,"remaining_time":5.352701063},
{"learn":[0.02153970764],"iteration":161,"passed_time":1.033403981,"remaining_time":5.34563294},
{"learn":[0.02153953132],"iteration":162,"passed_time":1.038800324,"remaining_time":5.334207797},
{"learn":[0.02153945378],"iteration":163,"passed_time":1.043767667,"remaining_time":5.320669329},
{"learn":[0.0215394521],"iteration":164,"passed_time":1.04947092,"remaining_time":5.310958899},
{"learn":[0.02153921932],"iteration":165,"passed_time":1.055031568,"remaining_time":5.300580287},
{"learn":[0.02153860714],"iteration":166,"passed_time":1.059965249,"remaining_time":5.28713205},
{"learn":[0.0215385413],"iteration":167,"passed_time":1.064882703,"remaining_time":5.273704813},
{"learn":[0.02153840525],"iteration":168,"passed_time":1.070190666,"remaining_time":5.262298484},
{"learn":[0.0215382258],"iteration":169,"passed_time":1.075431984,"remaining_time":5.250638509},
{"learn":[0.0215382362],"iteration":170,"passed_time":1.080477912,"remaining_time":5.23810637},
{"learn":[0.0215381001],"iteration":171,"passed_time":1.085603692,"remaining_time":5.226045679},
{"learn":[0.02153813262],"iteration":172,"passed_time":1.091098465,"remaining_time":5.215829077},
{"learn":[0.02153803265],"iteration":173,"passed_time":1.095977572,"remaining_time":5.202744108},
{"learn":[0.02153792566],"iteration":174,"passed_time":1.101089852,"remaining_time":5.190852161},
{"learn":[0.02153780153],"iteration":175,"passed_time":1.10610868,"remaining_time":5.17859973},
{"learn":[0.02153726344],"iteration":176,"passed_time":1.111151038,"remaining_time":5.166538444},
{"learn":[0.02153717539],"iteration":177,"passed_time":1.116358891,"remaining_time":5.155320272},
{"learn":[0.02153695991],"iteration":178,"passed_time":1.122183514,"remaining_time":5.146998127},
{"learn":[0.02153693926],"iteration":179,"passed_time":1.127093849,"remaining_time":5.134538646},
{"learn":[0.02153645983],"iteration":180,"passed_time":1.132007273,"remaining_time":5.122176557},
{"learn":[0.02153618213],"iteration":181,"passed_time":1.137253818,"remaining_time":5.111393535},
{"learn":[0.02153592352],"iteration":182,"passed_time":1.142146592,"remaining_time":5.099091616},
{"learn":[0.02153575275],"iteration":183,"passed_time":1.147048017,"remaining_time":5.086908597},
{"learn":[0.02153568718],"iteration":184,"passed_time":1.166340305,"remaining_time":5.138201882},
{"learn":[0.02153552492],"iteration":185,"passed_time":1.171465682,"remaining_time":5.126736908},
{"learn":[0.02153500241],"iteration":186,"passed_time":1.176516928,"remaining_time":5.115017448},
{"learn":[0.0215347953],"iteration":187,"passed_time":1.18178886,"remaining_time":5.104322097},
{"learn":[0.02153467133],"iteration":188,"passed_time":1.186707822,"remaining_time":5.092169541},
{"learn":[0.02153446783],"iteration":189,"passed_time":1.191621417,"remaining_time":5.080070249},
{"learn":[0.02153445931],"iteration":190,"passed_time":1.197154445,"remaining_time":5.070669874},
{"learn":[0.02153397621],"iteration":191,"passed_time":1.202499607,"remaining_time":5.06051918},
{"learn":[0.02153354338],"iteration":192,"passed_time":1.207397539,"remaining_time":5.048548258},
{"learn":[0.02153307878],"iteration":193,"passed_time":1.212740842,"remaining_time":5.038500611},
{"learn":[0.02153307878],"iteration":194,"passed_time":1.217687335,"remaining_time":5.026863103},
{"learn":[0.02153307878],"iteration":195,"passed_time":1.222275727,"remaining_time":5.013824923},
{"learn":[0.02153036551],"iteration":196,"passed_time":1.230239252,"remaining_time":5.014630047},
{"learn":[0.02153014469],"iteration":197,"passed_time":1.236535495,"remaining_time":5.00859327},
{"learn":[0.0215300603],"iteration":198,"passed_time":1.242499231,"remaining_time":5.001215499},
{"learn":[0.02152981533],"iteration":199,"passed_time":1.248646269,"remaining_time":4.994585075},
{"learn":[0.02152978945],"iteration":200,"passed_time":1.253951724,"remaining_time":4.984614068},
{"learn":[0.02152975327],"iteration":201,"passed_time":1.259043151,"remaining_time":4.973843735},
{"learn":[0.02152930312],"iteration":202,"passed_time":1.265308094,"remaining_time":4.967736703},
{"learn":[0.02152910652],"iteration":203,"passed_time":1.270570594,"remaining_time":4.95771663},
{"learn":[0.02152901334],"iteration":204,"passed_time":1.27579405,"remaining_time":4.947591561},
{"learn":[0.02147333973],"iteration":205,"passed_time":1.313401383,"remaining_time":5.062333484},
{"learn":[0.02147330694],"iteration":206,"passed_time":1.322622723,"remaining_time":5.066859031},
{"learn":[0.02147297187],"iteration":207,"passed_time":1.329533602,"remaining_time":5.062454871},
{"learn":[0.02147279085],"iteration":208,"passed_time":1.351635031,"remaining_time":5.115518226},
{"learn":[0.02147268559],"iteration":209,"passed_time":1.357036077,"remaining_time":5.105040479},
{"learn":[0.02147197425],"iteration":210,"passed_time":1.3621741,"remaining_time":5.093627321},
{"learn":[0.02145870523],"iteration":211,"passed_time":1.367917984,"remaining_time":5.084525337},
{"learn":[0.0214586223],"iteration":212,"passed_time":1.373066389,"remaining_time":5.073254688},
{"learn":[0.02145852573],"iteration":213,"passed_time":1.378953023,"remaining_time":5.064752692},
{"learn":[0.02145853608],"iteration":214,"passed_time":1.384019692,"remaining_time":5.0532812},
{"learn":[0.02145809041],"iteration":215,"passed_time":1.389426521,"remaining_time":5.04310367},
{"learn":[0.02145807321],"iteration":216,"passed_time":1.394819834,"remaining_time":5.032921335},
{"learn":[0.02145798359],"iteration":217,"passed_time":1.399941974,"remaining_time":5.0218102},
{"learn":[0.0214148635],"iteration":218,"passed_time":1.406550152,"remaining_time":5.016053281},
{"learn":[0.02141467887],"iteration":219,"passed_time":1.412110719,"remaining_time":5.006574366},
{"learn":[0.02141449079],"iteration":220,"passed_time":1.417231743,"remaining_time":4.995581572},
{"learn":[0.0213306623],"iteration":221,"passed_time":1.424228078,"remaining_time":4.991213716},
{"learn":[0.02127473123],"iteration":222,"passed_time":1.431558278,"remaining_time":4.98798557},
{"learn":[0.02111519285],"iteration":223,"passed_time":1.439854996,"remaining_time":4.988069094},
{"learn":[0.02111486096],"iteration":224,"passed_time":1.445465972,"remaining_time":4.978827238},
{"learn":[0.02108751608],"iteration":225,"passed_time":1.450734209,"remaining_time":4.968443708},
{"learn":[0.02091175319],"iteration":226,"passed_time":1.457840829,"remaining_time":4.964365467},
{"learn":[0.02091152024],"iteration":227,"passed_time":1.463059063,"remaining_time":4.953866653},
{"learn":[0.02091135605],"iteration":228,"passed_time":1.468429842,"remaining_time":4.943927547},
{"learn":[0.02091130924],"iteration":229,"passed_time":1.474239297,"remaining_time":4.935496776},
{"learn":[0.02091089986],"iteration":230,"passed_time":1.479511069,"remaining_time":4.925298755},
{"learn":[0.02091084093],"iteration":231,"passed_time":1.484807853,"remaining_time":4.915225996},
{"learn":[0.02091077697],"iteration":232,"passed_time":1.490826826,"remaining_time":4.907571569},
{"learn":[0.02091072332],"iteration":233,"passed_time":1.495973631,"remaining_time":4.897076073},
{"learn":[0.02091034651],"iteration":234,"passed_time":1.501241924,"remaining_time":4.887021582},
{"learn":[0.02090948833],"iteration":235,"passed_time":1.506611986,"remaining_time":4.877337106},
{"learn":[0.02090939666],"iteration":236,"passed_time":1.511964368,"remaining_time":4.867632122},
{"learn":[0.02090925134],"iteration":237,"passed_time":1.517082703,"remaining_time":4.857214368},
{"learn":[0.02090894382],"iteration":238,"passed_time":1.52329207,"remaining_time":4.850314918},
{"learn":[0.02090882821],"iteration":239,"passed_time":1.528398276,"remaining_time":4.839927876},
{"learn":[0.0208490391],"iteration":240,"passed_time":1.534539228,"remaining_time":4.832843461},
{"learn":[0.02068113718],"iteration":241,"passed_time":1.541077766,"remaining_time":4.827012177},
{"learn":[0.02068108197],"iteration":242,"passed_time":1.546107381,"remaining_time":4.816474435},
{"learn":[0.02068085587],"iteration":243,"passed_time":1.552078554,"remaining_time":4.808899127},
{"learn":[0.02068076959],"iteration":244,"passed_time":1.557193843,"remaining_time":4.798699393},
{"learn":[0.02066280589],"iteration":245,"passed_time":1.562517709,"remaining_time":4.789180296},
{"learn":[0.02066273671],"iteration":246,"passed_time":1.568618009,"remaining_time":4.782062191},
{"learn":[0.02066262654],"iteration":247,"passed_time":1.574317375,"remaining_time":4.773736558},
{"learn":[0.02066258346],"iteration":248,"passed_time":1.579982206,"remaining_time":4.765327859},
{"learn":[0.02066229535],"iteration":249,"passed_time":1.586059156,"remaining_time":4.758177468},
{"learn":[0.02066230231],"iteration":250,"passed_time":1.591435227,"remaining_time":4.748944164},
{"learn":[0.02066230231],"iteration":251,"passed_time":1.596925431,"remaining_time":4.740080249},
{"learn":[0.02066191875],"iteration":252,"passed_time":1.602483027,"remaining_time":4.73144198},
{"learn":[0.02066186192],"iteration":253,"passed_time":1.607395775,"remaining_time":4.720934049},
{"learn":[0.02066187675],"iteration":254,"passed_time":1.612326756,"remaining_time":4.710523269},
{"learn":[0.02066167217],"iteration":255,"passed_time":1.617831958,"remaining_time":4.701824128},
{"learn":[0.02066150452],"iteration":256,"passed_time":1.622874864,"remaining_time":4.691813322},
{"learn":[0.02066140644],"iteration":257,"passed_time":1.629878309,"remaining_time":4.687479477},
{"learn":[0.02066119425],"iteration":258,"passed_time":1.635760532,"remaining_time":4.679917199},
{"learn":[0.02066114939],"iteration":259,"passed_time":1.641318775,"remaining_time":4.671445744},
{"learn":[0.02066077479],"iteration":260,"passed_time":1.646464813,"remaining_time":4.66182949},
{"learn":[0.02066053844],"iteration":261,"passed_time":1.679553948,"remaining_time":4.730957305},
{"learn":[0.02066038493],"iteration":262,"passed_time":1.689872009,"remaining_time":4.735496848},
{"learn":[0.02066026047],"iteration":263,"passed_time":1.697283981,"remaining_time":4.731822008},
{"learn":[0.02066026047],"iteration":264,"passed_time":1.703036392,"remaining_time":4.723516031},
{"learn":[0.02066002516],"iteration":265,"passed_time":1.708229308,"remaining_time":4.713685385},
{"learn":[0.02065951683],"iteration":266,"passed_time":1.714362263,"remaining_time":4.706470183},
{"learn":[0.02065951882],"iteration":267,"passed_time":1.71925407,"remaining_time":4.695873056},
{"learn":[0.02065923546],"iteration":268,"passed_time":1.724195845,"remaining_time":4.685454138},
{"learn":[0.02065901799],"iteration":269,"passed_time":1.729493994,"remaining_time":4.676039317},
{"learn":[0.02065896773],"iteration":270,"passed_time":1.734250195,"remaining_time":4.665197018},
{"learn":[0.02065848831],"iteration":271,"passed_time":1.739186525,"remaining_time":4.654881582},
{"learn":[0.02065835199],"iteration":272,"passed_time":1.746257553,"remaining_time":4.650290259},
{"learn":[0.02065804172],"iteration":273,"passed_time":1.751177523,"remaining_time":4.639981321},
{"learn":[0.02065759988],"iteration":274,"passed_time":1.756344838,"remaining_time":4.630363665},
{"learn":[0.02065754989],"iteration":275,"passed_time":1.761558903,"remaining_time":4.62090089},
{"learn":[0.02065748756],"iteration":276,"passed_time":1.766500764,"remaining_time":4.610758311},
{"learn":[0.02065724922],"iteration":277,"passed_time":1.771536712,"remaining_time":4.600897503},
{"learn":[0.02065719401],"iteration":278,"passed_time":1.777443399,"remaining_time":4.593321473},
{"learn":[0.02065705575],"iteration":279,"passed_time":1.782307103,"remaining_time":4.583075407},
{"learn":[0.02065691943],"iteration":280,"passed_time":1.787117198,"remaining_time":4.572730482},
{"learn":[0.0206566393],"iteration":281,"passed_time":1.792398035,"remaining_time":4.563623365},
{"learn":[0.02065624686],"iteration":282,"passed_time":1.797363415,"remaining_time":4.553744058},
{"learn":[0.02065594602],"iteration":283,"passed_time":1.802475038,"remaining_time":4.544268053},
{"learn":[0.02065574543],"iteration":284,"passed_time":1.808756668,"remaining_time":4.537757956},
{"learn":[0.02065556085],"iteration":285,"passed_time":1.814416191,"remaining_time":4.529696365},
{"learn":[0.02065543133],"iteration":286,"passed_time":1.819341776,"remaining_time":4.519828176},
{"learn":[0.02065530197],"iteration":287,"passed_time":1.824618184,"remaining_time":4.510861621},
{"learn":[0.02065488413],"iteration":288,"passed_time":1.829357711,"remaining_time":4.500599766},
{"learn":[0.020654527],"iteration":289,"passed_time":1.834384103,"remaining_time":4.49107832},
{"learn":[0.02065444946],"iteration":290,"passed_time":1.841181665,"remaining_time":4.485903095},
{"learn":[0.02065423366],"iteration":291,"passed_time":1.846766728,"remaining_time":4.47777686},
{"learn":[0.02065401252],"iteration":292,"passed_time":1.852766912,"remaining_time":4.470669647},
{"learn":[0.02065399521],"iteration":293,"passed_time":1.860245866,"remaining_time":4.467121026},
{"learn":[0.0206536569],"iteration":294,"passed_time":1.865710177,"remaining_time":4.4587311},
{"learn":[0.02065343938],"iteration":295,"passed_time":1.87171014,"remaining_time":4.451634927},
{"learn":[0.02065310134],"iteration":296,"passed_time":1.876788647,"remaining_time":4.442365047},
{"learn":[0.02065290053],"iteration":297,"passed_time":1.881926973,"remaining_time":4.43326421},
{"learn":[0.02065272954],"iteration":298,"passed_time":1.887774849,"remaining_time":4.425853409},
{"learn":[0.02065246883],"iteration":299,"passed_time":1.892754194,"remaining_time":4.416426452},
{"learn":[0.02054472703],"iteration":300,"passed_time":1.899140197,"remaining_time":4.410295674},
{"learn":[0.02054469942],"iteration":301,"passed_time":1.905397638,"remaining_time":4.403866065},
{"learn":[0.02054445758],"iteration":302,"passed_time":1.910490792,"remaining_time":4.394759347},
{"learn":[0.02054379455],"iteration":303,"passed_time":1.915577097,"remaining_time":4.385663354},
{"learn":[0.02054368061],"iteration":304,"passed_time":1.920748004,"remaining_time":4.376786436},
{"learn":[0.02054352175],"iteration":305,"passed_time":1.925944266,"remaining_time":4.367991244},
{"learn":[0.02054339396],"iteration":306,"passed_time":1.931839271,"remaining_time":4.36079679},
{"learn":[0.02054318161],"iteration":307,"passed_time":1.937029269,"remaining_time":4.352026799},
{"learn":[0.02054308326],"iteration":308,"passed_time":1.942000947,"remaining_time":4.342791763},
{"learn":[0.02054309701],"iteration":309,"passed_time":1.946986732,"remaining_time":4.333615629},
{"learn":[0.02054298997],"iteration":310,"passed_time":1.952381173,"remaining_time":4.325371794},
{"learn":[0.02054275169],"iteration":311,"passed_time":1.957291467,"remaining_time":4.316078621},
{"learn":[0.02054244438],"iteration":312,"passed_time":1.962405874,"remaining_time":4.307261454},
{"learn":[0.02054226131],"iteration":313,"passed_time":1.967610677,"remaining_time":4.298665364},
{"learn":[0.02054206105],"iteration":314,"passed_time":1.972553051,"remaining_time":4.289520126},
{"learn":[0.02054178642],"iteration":315,"passed_time":1.977814204,"remaining_time":4.281091506},
{"learn":[0.02054165528],"iteration":316,"passed_time":1.983189905,"remaining_time":4.27292967},
{"learn":[0.02054140486],"iteration":317,"passed_time":1.988172571,"remaining_time":4.263942432},
{"learn":[0.02054135288],"iteration":318,"passed_time":1.993052226,"remaining_time":4.254760394},
{"learn":[0.02054133924],"iteration":319,"passed_time":1.998108189,"remaining_time":4.245979902},
{"learn":[0.02054125134],"iteration":320,"passed_time":2.003105159,"remaining_time":4.237097828},
{"learn":[0.02054114932],"iteration":321,"passed_time":2.008152449,"remaining_time":4.22834584},
{"learn":[0.02054029594],"iteration":322,"passed_time":2.013538296,"remaining_time":4.220326398},
{"learn":[0.02054026359],"iteration":323,"passed_time":2.018407479,"remaining_time":4.211245234},
{"learn":[0.02054019969],"iteration":324,"passed_time":2.023419396,"remaining_time":4.202486438},
{"learn":[0.02054011509],"iteration":325,"passed_time":2.028465187,"remaining_time":4.193820664},
{"learn":[0.02053988716],"iteration":326,"passed_time":2.033307792,"remaining_time":4.184758851},
{"learn":[0.02053981981],"iteration":327,"passed_time":2.03845569,"remaining_time":4.176348244},
{"learn":[0.02053946068],"iteration":328,"passed_time":2.045350488,"remaining_time":4.171520296},
{"learn":[0.02053936222],"iteration":329,"passed_time":2.051070612,"remaining_time":4.16429488},
{"learn":[0.02053928457],"iteration":330,"passed_time":2.057023133,"remaining_time":4.157548265},
{"learn":[0.02053907746],"iteration":331,"passed_time":2.062492643,"remaining_time":4.149834596},
{"learn":[0.02053893235],"iteration":332,"passed_time":2.067492975,"remaining_time":4.141194638},
{"learn":[0.02053881146],"iteration":333,"passed_time":2.072613498,"remaining_time":4.132816137},
{"learn":[0.02053835312],"iteration":334,"passed_time":2.079672465,"remaining_time":4.128305043},
{"learn":[0.02053775603],"iteration":335,"passed_time":2.084688728,"remaining_time":4.11974201},
{"learn":[0.0205377095],"iteration":336,"passed_time":2.089574225,"remaining_time":4.110942763},
{"learn":[0.02053765412],"iteration":337,"passed_time":2.094821595,"remaining_time":4.102875432},
{"learn":[0.02053732282],"iteration":338,"passed_time":2.099741919,"remaining_time":4.094187045},
{"learn":[0.02053727456],"iteration":339,"passed_time":2.104786838,"remaining_time":4.085762686},
{"learn":[0.02053713452],"iteration":340,"passed_time":2.109966211,"remaining_time":4.077617986},
{"learn":[0.02053701206],"iteration":341,"passed_time":2.114923802,"remaining_time":4.069063923},
{"learn":[0.02053694967],"iteration":342,"passed_time":2.119862054,"remaining_time":4.060493788},
{"learn":[0.02053692045],"iteration":343,"passed_time":2.124917603,"remaining_time":4.052168453},
{"learn":[0.02053655232],"iteration":344,"passed_time":2.129889441,"remaining_time":4.043703142},
{"learn":[0.02053626944],"iteration":345,"passed_time":2.13490461,"remaining_time":4.035339927},
{"learn":[0.02053621767],"iteration":346,"passed_time":2.140944754,"remaining_time":4.028924853},
{"learn":[0.02053619001],"iteration":347,"passed_time":2.145935554,"remaining_time":4.020545923},
{"learn":[0.02053618661],"iteration":348,"passed_time":2.150688811,"remaining_time":4.011743312},
{"learn":[0.02053603622],"iteration":349,"passed_time":2.15605684,"remaining_time":4.00410556},
{"learn":[0.02053550309],"iteration":350,"passed_time":2.161139403,"remaining_time":3.995952914},
{"learn":[0.02053540296],"iteration":351,"passed_time":2.166064332,"remaining_time":3.987527519},
{"learn":[0.0205353685],"iteration":352,"passed_time":2.172246952,"remaining_time":3.981427132},
{"learn":[0.02053535809],"iteration":353,"passed_time":2.177299379,"remaining_time":3.973263838},
{"learn":[0.02053529943],"iteration":354,"passed_time":2.18207305,"remaining_time":3.964611598},
{"learn":[0.0205350165],"iteration":355,"passed_time":2.187189121,"remaining_time":3.956600544},
{"learn":[0.02053483009],"iteration":356,"passed_time":2.192170996,"remaining_time":3.948364007},
{"learn":[0.02053457471],"iteration":357,"passed_time":2.197338098,"remaining_time":3.940477819},
{"learn":[0.02053424001],"iteration":358,"passed_time":2.20272676,"remaining_time":3.933002377},
{"learn":[0.02053396048],"iteration":359,"passed_time":2.207738868,"remaining_time":3.924869098},
{"learn":[0.02053368957],"iteration":360,"passed_time":2.212513937,"remaining_time":3.916333534},
{"learn":[0.02053325129],"iteration":361,"passed_time":2.21744054,"remaining_time":3.908085813},
{"learn":[0.02053267647],"iteration":362,"passed_time":2.22236952,"remaining_time":3.899860562},
{"learn":[0.02053272161],"iteration":363,"passed_time":2.227259697,"remaining_time":3.891585624},
{"learn":[0.02053248688],"iteration":364,"passed_time":2.232141973,"remaining_time":3.883315488},
{"learn":[0.02053246278],"iteration":365,"passed_time":2.238487218,"remaining_time":3.877598077},
{"learn":[0.02053242304],"iteration":366,"passed_time":2.244204296,"remaining_time":3.870793786},
{"learn":[0.02053236938],"iteration":367,"passed_time":2.250538565,"remaining_time":3.865055361},
{"learn":[0.02053209988],"iteration":368,"passed_time":2.255516042,"remaining_time":3.856993557},
{"learn":[0.02053197224],"iteration":369,"passed_time":2.260479489,"remaining_time":3.848924536},
{"learn":[0.02053196362],"iteration":370,"passed_time":2.265341374,"remaining_time":3.840700066},
{"learn":[0.0205318603],"iteration":371,"passed_time":2.271842567,"remaining_time":3.835261107},
{"learn":[0.02053191703],"iteration":372,"passed_time":2.27685254,"remaining_time":3.827309765},
{"learn":[0.02053159603],"iteration":373,"passed_time":2.282277686,"remaining_time":3.820069068},
{"learn":[0.02053150808],"iteration":374,"passed_time":2.288398082,"remaining_time":3.813996804},
{"learn":[0.02053149427],"iteration":375,"passed_time":2.2933141,"remaining_time":3.805925528},
{"learn":[0.02053079112],"iteration":376,"passed_time":2.298641519,"remaining_time":3.798550838},
{"learn":[0.02053078066],"iteration":377,"passed_time":2.318409134,"remaining_time":3.814948363},
{"learn":[0.02053070479],"iteration":378,"passed_time":2.323492679,"remaining_time":3.807094864},
{"learn":[0.02053070134],"iteration":379,"passed_time":2.328455083,"remaining_time":3.799058294},
{"learn":[0.02053054432],"iteration":380,"passed_time":2.333559698,"remaining_time":3.791268906},
{"learn":[0.02053061512],"iteration":381,"passed_time":2.338682871,"remaining_time":3.783523598},
{"learn":[0.02053040585],"iteration":382,"passed_time":2.34382307,"remaining_time":3.77581941},
{"learn":[0.02053041636],"iteration":383,"passed_time":2.348954354,"remaining_time":3.768114276},
{"learn":[0.02053026975],"iteration":384,"passed_time":2.354006592,"remaining_time":3.760296244},
{"learn":[0.02053026268],"iteration":385,"passed_time":2.358977021,"remaining_time":3.752362411},
{"learn":[0.02053004877],"iteration":386,"passed_time":2.364144773,"remaining_time":3.74475645},
{"learn":[0.02052986937],"iteration":387,"passed_time":2.369121954,"remaining_time":3.736862463},
{"learn":[0.02052961054],"iteration":388,"passed_time":2.374306028,"remaining_time":3.729308439},
{"learn":[0.02052955867],"iteration":389,"passed_time":2.380615744,"remaining_time":3.72352719},
{"learn":[0.02052951898],"iteration":390,"passed_time":2.385320378,"remaining_time":3.715243248},
{"learn":[0.02052926366],"iteration":391,"passed_time":2.390211741,"remaining_time":3.70726719},
{"learn":[0.02052910836],"iteration":392,"passed_time":2.395373235,"remaining_time":3.699724055},
{"learn":[0.02052877836],"iteration":393,"passed_time":2.400283468,"remaining_time":3.691806552},
{"learn":[0.0205286058],"iteration":394,"passed_time":2.405365239,"remaining_time":3.684167011},
{"learn":[0.02052831592],"iteration":395,"passed_time":2.410589865,"remaining_time":3.67675828},
{"learn":[0.02052831592],"iteration":396,"passed_time":2.4152045,"remaining_time":3.668434039},
{"learn":[0.02052823816],"iteration":397,"passed_time":2.420090941,"remaining_time":3.660539564},
{"learn":[0.02052799788],"iteration":398,"passed_time":2.425245414,"remaining_time":3.653063894},
{"learn":[0.02052785633],"iteration":399,"passed_time":2.430172067,"remaining_time":3.645258101},
{"learn":[0.02052779427],"iteration":400,"passed_time":2.435058762,"remaining_time":3.637406978},
{"learn":[0.02052770282],"iteration":401,"passed_time":2.441346424,"remaining_time":3.631654631},
{"learn":[0.02052764771],"iteration":402,"passed_time":2.447616854,"remaining_time":3.625874099},
{"learn":[0.0205275631],"iteration":403,"passed_time":2.453630023,"remaining_time":3.619711618},
{"learn":[0.0205257402],"iteration":404,"passed_time":2.459490262,"remaining_time":3.613325199},
{"learn":[0.02052559358],"iteration":405,"passed_time":2.464414921,"remaining_time":3.605572569},
{"learn":[0.02052525883],"iteration":406,"passed_time":2.46939855,"remaining_time":3.597919754},
{"learn":[0.02052503106],"iteration":407,"passed_time":2.474806665,"remaining_time":3.590895945},
{"learn":[0.02052507248],"iteration":408,"passed_time":2.481209268,"remaining_time":3.58531706},
{"learn":[0.02052494991],"iteration":409,"passed_time":2.486345314,"remaining_time":3.577911549},
{"learn":[0.0205246583],"iteration":410,"passed_time":2.491532851,"remaining_time":3.570590874},
{"learn":[0.02052452888],"iteration":411,"passed_time":2.496354399,"remaining_time":3.562758219},
{"learn":[0.02052447539],"iteration":412,"passed_time":2.501097054,"remaining_time":3.554828016},
{"learn":[0.02052432878],"iteration":413,"passed_time":2.505859324,"remaining_time":3.546940976},
{"learn":[0.0205241545],"iteration":414,"passed_time":2.511189514,"remaining_time":3.539869556},
{"learn":[0.02052382282],"iteration":415,"passed_time":2.516472923,"remaining_time":3.532740834},
{"learn":[0.02052382282],"iteration":416,"passed_time":2.521104881,"remaining_time":3.524710182},
{"learn":[0.02052368284],"iteration":417,"passed_time":2.525679062,"remaining_time":3.516615345},
{"learn":[0.02052327049],"iteration":418,"passed_time":2.530508701,"remaining_time":3.50889154},
{"learn":[0.0205230699],"iteration":419,"passed_time":2.535334686,"remaining_time":3.501176471},
{"learn":[0.02052274577],"iteration":420,"passed_time":2.542105431,"remaining_time":3.496149749},
{"learn":[0.02052169692],"iteration":421,"passed_time":2.547611884,"remaining_time":3.489383102},
{"learn":[0.02052140493],"iteration":422,"passed_time":2.55264373,"remaining_time":3.481975018},
{"learn":[0.02052131526],"iteration":423,"passed_time":2.557561537,"remaining_time":3.474423221},
{"learn":[0.02052096848],"iteration":424,"passed_time":2.562405873,"remaining_time":3.466784417},
{"learn":[0.02052084592],"iteration":425,"passed_time":2.567542077,"remaining_time":3.459552001},
{"learn":[0.02052070966],"iteration":426,"passed_time":2.572755759,"remaining_time":3.452433372},
{"learn":[0.02052056638],"iteration":427,"passed_time":2.578050513,"remaining_time":3.445431994},
{"learn":[0.02052040424],"iteration":428,"passed_time":2.583467948,"remaining_time":3.438601861},
{"learn":[0.02052026965],"iteration":429,"passed_time":2.588928792,"remaining_time":3.43183584},
{"learn":[0.02052007644],"iteration":430,"passed_time":2.59392652,"remaining_time":3.424464477},
{"learn":[0.02052003142],"iteration":431,"passed_time":2.59912757,"remaining_time":3.417371435},
{"learn":[0.02051976542],"iteration":432,"passed_time":2.604541995,"remaining_time":3.410566539},
{"learn":[0.02051930292],"iteration":433,"passed_time":2.609504748,"remaining_time":3.403179003},
{"learn":[0.02051823876],"iteration":434,"passed_time":2.614770739,"remaining_time":3.396196477},
{"learn":[0.02051798344],"iteration":435,"passed_time":2.628497201,"remaining_time":3.400166104},
{"learn":[0.02051767107],"iteration":436,"passed_time":2.638513541,"remaining_time":3.399274883},
{"learn":[0.02051758468],"iteration":437,"passed_time":2.646625226,"remaining_time":3.395898121},
{"learn":[0.0205175244],"iteration":438,"passed_time":2.653070171,"remaining_time":3.390369854},
{"learn":[0.02051756058],"iteration":439,"passed_time":2.65830775,"remaining_time":3.383300772},
{"learn":[0.02051645333],"iteration":440,"passed_time":2.663827469,"remaining_time":3.37659763},
{"learn":[0.02051632564],"iteration":441,"passed_time":2.66897931,"remaining_time":3.369435419},
{"learn":[0.0205161394],"iteration":442,"passed_time":2.675211529,"remaining_time":3.363640681},
{"learn":[0.02051610143],"iteration":443,"passed_time":2.681379727,"remaining_time":3.357763802},
{"learn":[0.02051555385],"iteration":444,"passed_time":2.686627632,"remaining_time":3.350737833},
{"learn":[0.02051549168],"iteration":445,"passed_time":2.692041271,"remaining_time":3.343925704},
{"learn":[0.02051547793],"iteration":446,"passed_time":2.697381606,"remaining_time":3.337029145},
{"learn":[0.02051540891],"iteration":447,"passed_time":2.702614683,"remaining_time":3.330007377},
{"learn":[0.02051536582],"iteration":448,"passed_time":2.708194123,"remaining_time":3.323418624},
{"learn":[0.02051536582],"iteration":449,"passed_time":2.713366423,"remaining_time":3.316336739},
{"learn":[0.02051526224],"iteration":450,"passed_time":2.718383559,"remaining_time":3.309074443},
{"learn":[0.02051502066],"iteration":451,"passed_time":2.723704094,"remaining_time":3.302189919},
{"learn":[0.02051477882],"iteration":452,"passed_time":2.729173809,"remaining_time":3.295492437},
{"learn":[0.02051470807],"iteration":453,"passed_time":2.734505366,"remaining_time":3.288634207},
{"learn":[0.0205146425],"iteration":454,"passed_time":2.739891163,"remaining_time":3.281847657},
{"learn":[0.02051456491],"iteration":455,"passed_time":2.745231422,"remaining_time":3.275012924},
{"learn":[0.02051434884],"iteration":456,"passed_time":2.750347289,"remaining_time":3.267918113},
{"learn":[0.02051422477],"iteration":457,"passed_time":2.755585606,"remaining_time":3.260976852},
{"learn":[0.0205139537],"iteration":458,"passed_time":2.760693323,"remaining_time":3.25388908},
{"learn":[0.02051390528],"iteration":459,"passed_time":2.765984063,"remaining_time":3.247024769},
{"learn":[0.02051377769],"iteration":460,"passed_time":2.772890504,"remaining_time":3.242056359},
{"learn":[0.02051362925],"iteration":461,"passed_time":2.778019322,"remaining_time":3.235009514},
{"learn":[0.02051319792],"iteration":462,"passed_time":2.783248888,"remaining_time":3.228087803},
{"learn":[0.02051309099],"iteration":463,"passed_time":2.789011858,"remaining_time":3.22178956},
{"learn":[0.02051303906],"iteration":464,"passed_time":2.79396092,"remaining_time":3.214557187},
{"learn":[0.02051289062],"iteration":465,"passed_time":2.799087168,"remaining_time":3.207537656},
{"learn":[0.02051288021],"iteration":466,"passed_time":2.804209664,"remaining_time":3.200521951},
{"learn":[0.02051275602],"iteration":467,"passed_time":2.809413936,"remaining_time":3.193607295},
{"learn":[0.02051267654],"iteration":468,"passed_time":2.814726487,"remaining_time":3.186822525},
{"learn":[0.02051254028],"iteration":469,"passed_time":2.820257308,"remaining_time":3.180290156},
{"learn":[0.02051242127],"iteration":470,"passed_time":2.82542946,"remaining_time":3.173359203},
{"learn":[0.02051140047],"iteration":471,"passed_time":2.831645369,"remaining_time":3.167603295},
{"learn":[0.02051140047],"iteration":472,"passed_time":2.837847258,"remaining_time":3.161829821},
{"learn":[0.02051134002],"iteration":473,"passed_time":2.843591147,"remaining_time":3.155546294},
{"learn":[0.02051114854],"iteration":474,"passed_time":2.852123457,"remaining_time":3.152346978},
{"learn":[0.02051103978],"iteration":475,"passed_time":2.857398574,"remaining_time":3.145539607},
{"learn":[0.02051073964],"iteration":476,"passed_time":2.862614271,"remaining_time":3.138673509},
{"learn":[0.02051068615],"iteration":477,"passed_time":2.869250564,"remaining_time":3.133365679},
{"learn":[0.02051058419],"iteration":478,"passed_time":2.874561707,"remaining_time":3.126610958},
{"learn":[0.02051054973],"iteration":479,"passed_time":2.879726187,"remaining_time":3.119703369},
{"learn":[0.02050950137],"iteration":480,"passed_time":2.885834319,"remaining_time":3.11382123},
{"learn":[0.02050952892],"iteration":481,"passed_time":2.891040993,"remaining_time":3.106969366},
{"learn":[0.02050945478],"iteration":482,"passed_time":2.89628487,"remaining_time":3.100164136},
{"learn":[0.02050945472],"iteration":483,"passed_time":2.901511474,"remaining_time":3.093346943},
{"learn":[0.02050923736],"iteration":484,"passed_time":2.906610867,"remaining_time":3.086401229},
{"learn":[0.02050921666],"iteration":485,"passed_time":2.91186314,"remaining_time":3.079624802},
{"learn":[0.02050899924],"iteration":486,"passed_time":2.917561294,"remaining_time":3.07332432},
{"learn":[0.02050873006],"iteration":487,"passed_time":2.922673606,"remaining_time":3.066411652},
{"learn":[0.02050864551],"iteration":488,"passed_time":2.927921581,"remaining_time":3.059648114},
{"learn":[0.02050837126],"iteration":489,"passed_time":2.935095685,"remaining_time":3.054895508},
{"learn":[0.02050831264],"iteration":490,"passed_time":2.940144335,"remaining_time":3.047929667},
{"learn":[0.02050822621],"iteration":491,"passed_time":2.945415389,"remaining_time":3.041201256},
{"learn":[0.0205079485],"iteration":492,"passed_time":2.950755601,"remaining_time":3.034549878},
{"learn":[0.02050780874],"iteration":493,"passed_time":2.956098682,"remaining_time":3.027906747},
{"learn":[0.0205076928],"iteration":494,"passed_time":2.961295265,"remaining_time":3.021119412},
{"learn":[0.0205074],"iteration":495,"passed_time":2.967636141,"remaining_time":3.01550124},
{"learn":[0.0205073394],"iteration":496,"passed_time":2.972656658,"remaining_time":3.008543861},
{"learn":[0.02050734031],"iteration":497,"passed_time":2.977839819,"remaining_time":3.001758212},
{"learn":[0.0205072652],"iteration":498,"passed_time":2.98341979,"remaining_time":2.995377384},
{"learn":[0.02050237669],"iteration":499,"passed_time":2.989070322,"remaining_time":2.989070322},
{"learn":[0.02050205089],"iteration":500,"passed_time":2.994327727,"remaining_time":2.982374322},
{"learn":[0.02050160673],"iteration":501,"passed_time":2.999781007,"remaining_time":2.97587837},
{"learn":[0.02047262157],"iteration":502,"passed_time":3.006004553,"remaining_time":2.97014764},
{"learn":[0.02047243338],"iteration":503,"passed_time":3.011524712,"remaining_time":2.963722732},
{"learn":[0.02047237984],"iteration":504,"passed_time":3.017434374,"remaining_time":2.957683199},
{"learn":[0.02047222605],"iteration":505,"passed_time":3.022600262,"remaining_time":2.950918043},
{"learn":[0.02047194797],"iteration":506,"passed_time":3.028507193,"remaining_time":2.944879775},
{"learn":[0.02047183749],"iteration":507,"passed_time":3.034655729,"remaining_time":2.939076021},
{"learn":[0.02047183749],"iteration":508,"passed_time":3.041605345,"remaining_time":2.934043663},
{"learn":[0.02047188413],"iteration":509,"passed_time":3.046610842,"remaining_time":2.927135907},
{"learn":[0.02047166661],"iteration":510,"passed_time":3.051736754,"remaining_time":2.920350827},
{"learn":[0.0204714232],"iteration":511,"passed_time":3.057350641,"remaining_time":2.914037329},
{"learn":[0.02047145604],"iteration":512,"passed_time":3.062338059,"remaining_time":2.907131841},
{"learn":[0.02047101576],"iteration":513,"passed_time":3.067317994,"remaining_time":2.900226741},
{"learn":[0.0204702651],"iteration":514,"passed_time":3.073279442,"remaining_time":2.894253455},
{"learn":[0.02047012011],"iteration":515,"passed_time":3.078653965,"remaining_time":2.887729688},
{"learn":[0.02046971639],"iteration":516,"passed_time":3.083590786,"remaining_time":2.88080145},
{"learn":[0.02046957996],"iteration":517,"passed_time":3.088678501,"remaining_time":2.874021308},
{"learn":[0.0204691571],"iteration":518,"passed_time":3.093859804,"remaining_time":2.867334424},
{"learn":[0.02046916546],"iteration":519,"passed_time":3.098908875,"remaining_time":2.860531269},
{"learn":[0.02046891348],"iteration":520,"passed_time":3.104165078,"remaining_time":2.853925283},
{"learn":[0.02046882721],"iteration":521,"passed_time":3.109921312,"remaining_time":2.847782351},
{"learn":[0.02046879954],"iteration":522,"passed_time":3.115373305,"remaining_time":2.841363416},
{"learn":[0.0204685096],"iteration":523,"passed_time":3.121645989,"remaining_time":2.835693685},
{"learn":[0.02046823697],"iteration":524,"passed_time":3.126517139,"remaining_time":2.828753602},
{"learn":[0.02046797803],"iteration":525,"passed_time":3.132584503,"remaining_time":2.822899343},
{"learn":[0.0204679349],"iteration":526,"passed_time":3.13765308,"remaining_time":2.816147831},
{"learn":[0.02046785013],"iteration":527,"passed_time":3.142583686,"remaining_time":2.809279356},
{"learn":[0.0204676745],"iteration":528,"passed_time":3.151079697,"remaining_time":2.805592698},
{"learn":[0.02046754854],"iteration":529,"passed_time":3.15614656,"remaining_time":2.79884695},
{"learn":[0.02046714978],"iteration":530,"passed_time":3.161291825,"remaining_time":2.792176772},
{"learn":[0.0204670565],"iteration":531,"passed_time":3.166420949,"remaining_time":2.785498128},
{"learn":[0.0204668579],"iteration":532,"passed_time":3.171254442,"remaining_time":2.778566274},
{"learn":[0.0204668579],"iteration":533,"passed_time":3.176498504,"remaining_time":2.772000567},
{"learn":[0.02046690427],"iteration":534,"passed_time":3.181637171,"remaining_time":2.765348196},
{"learn":[0.0204666765],"iteration":535,"passed_time":3.18674917,"remaining_time":2.758678386},
{"learn":[0.02046640215],"iteration":536,"passed_time":3.192138865,"remaining_time":2.752253807},
{"learn":[0.02046627958],"iteration":537,"passed_time":3.197085567,"remaining_time":2.745452662},
{"learn":[0.0204658413],"iteration":538,"passed_time":3.201902268,"remaining_time":2.738547209},
{"learn":[0.0204656997],"iteration":539,"passed_time":3.206966792,"remaining_time":2.7318606},
{"learn":[0.02046566697],"iteration":540,"passed_time":3.212141014,"remaining_time":2.72527306},
{"learn":[0.02043860953],"iteration":541,"passed_time":3.217528183,"remaining_time":2.718870678},
{"learn":[0.02043839384],"iteration":542,"passed_time":3.223137227,"remaining_time":2.712658771},
{"learn":[0.02036479284],"iteration":543,"passed_time":3.230607344,"remaining_time":2.708009097},
{"learn":[0.02036424229],"iteration":544,"passed_time":3.236201996,"remaining_time":2.701783318},
{"learn":[0.02025307044],"iteration":545,"passed_time":3.244180062,"remaining_time":2.697541663},
{"learn":[0.02025261744],"iteration":546,"passed_time":3.25037758,"remaining_time":2.69181178},
{"learn":[0.02025263971],"iteration":547,"passed_time":3.255545659,"remaining_time":2.685231091},
{"learn":[0.02025218002],"iteration":548,"passed_time":3.260695269,"remaining_time":2.678640376},
{"learn":[0.02025206506],"iteration":549,"passed_time":3.266288326,"remaining_time":2.672417721},
{"learn":[0.02025199625],"iteration":550,"passed_time":3.271240918,"remaining_time":2.665675448},
{"learn":[0.02025177431],"iteration":551,"passed_time":3.276239077,"remaining_time":2.658976643},
{"learn":[0.02025165282],"iteration":552,"passed_time":3.282394769,"remaining_time":2.653219642},
{"learn":[0.02025153872],"iteration":553,"passed_time":3.287290172,"remaining_time":2.646446601},
{"learn":[0.0202513962],"iteration":554,"passed_time":3.292244589,"remaining_time":2.639727643},
{"learn":[0.02025118892],"iteration":555,"passed_time":3.297223834,"remaining_time":2.63303486},
{"learn":[0.02025083821],"iteration":556,"passed_time":3.302365335,"remaining_time":2.626477277},
{"learn":[0.02025064641],"iteration":557,"passed_time":3.307606018,"remaining_time":2.620003333},
{"learn":[0.02025051516],"iteration":558,"passed_time":3.312589255,"remaining_time":2.6133307},
{"learn":[0.02025047186],"iteration":559,"passed_time":3.317604466,"remaining_time":2.606689223},
{"learn":[0.02025001589],"iteration":560,"passed_time":3.323204291,"remaining_time":2.600511023},
{"learn":[0.02024995021],"iteration":561,"passed_time":3.330619095,"remaining_time":2.595749401},
{"learn":[0.02024985693],"iteration":562,"passed_time":3.335625721,"remaining_time":2.58910913},
{"learn":[0.02024974294],"iteration":563,"passed_time":3.340637972,"remaining_time":2.582479},
{"learn":[0.02024835012],"iteration":564,"passed_time":3.34651917,"remaining_time":2.576523609},
{"learn":[0.02024826034],"iteration":565,"passed_time":3.351448564,"remaining_time":2.569838652},
{"learn":[0.02024803235],"iteration":566,"passed_time":3.356528709,"remaining_time":2.563275011},
{"learn":[0.02024800124],"iteration":567,"passed_time":3.361716571,"remaining_time":2.556798519},
{"learn":[0.02024774931],"iteration":568,"passed_time":3.366608383,"remaining_time":2.550102308},
{"learn":[0.02024773189],"iteration":569,"passed_time":3.371607525,"remaining_time":2.543493396},
{"learn":[0.02024766632],"iteration":570,"passed_time":3.376871184,"remaining_time":2.537088858},
{"learn":[0.0202475333],"iteration":571,"passed_time":3.381802394,"remaining_time":2.530439553},
{"learn":[0.02024741763],"iteration":572,"passed_time":3.386744026,"remaining_time":2.523804012},
{"learn":[0.02024735196],"iteration":573,"passed_time":3.393606164,"remaining_time":2.518599696},
{"learn":[0.02024726557],"iteration":574,"passed_time":3.398517684,"remaining_time":2.511947853},
{"learn":[0.02024718264],"iteration":575,"passed_time":3.403494489,"remaining_time":2.50535011},
{"learn":[0.02024711534],"iteration":576,"passed_time":3.408938726,"remaining_time":2.499100661},
{"learn":[0.02024709631],"iteration":577,"passed_time":3.413960022,"remaining_time":2.492545206},
{"learn":[0.02024684239],"iteration":578,"passed_time":3.418899581,"remaining_time":2.485935619},
{"learn":[0.02024669227],"iteration":579,"passed_time":3.426011486,"remaining_time":2.480904869},
{"learn":[0.02024595703],"iteration":580,"passed_time":3.431738592,"remaining_time":2.474868279},
{"learn":[0.02024585517],"iteration":581,"passed_time":3.440658806,"remaining_time":2.471126084},
{"learn":[0.02024567912],"iteration":582,"passed_time":3.445582189,"remaining_time":2.464507329},
{"learn":[0.0202457325],"iteration":583,"passed_time":3.450875206,"remaining_time":2.458157681},
{"learn":[0.02024556868],"iteration":584,"passed_time":3.456563536,"remaining_time":2.452092081},
{"learn":[0.02024564622],"iteration":585,"passed_time":3.461487758,"remaining_time":2.445487938},
{"learn":[0.02024557041],"iteration":586,"passed_time":3.466396381,"remaining_time":2.438878544},
{"learn":[0.0202454548],"iteration":587,"passed_time":3.472152554,"remaining_time":2.432868796},
{"learn":[0.02024536669],"iteration":588,"passed_time":3.477598372,"remaining_time":2.426643346},
{"learn":[0.02024511476],"iteration":589,"passed_time":3.482485591,"remaining_time":2.42003236},
{"learn":[0.02024470862],"iteration":590,"passed_time":3.489338242,"remaining_time":2.414787379},
{"learn":[0.02024466909],"iteration":591,"passed_time":3.494267168,"remaining_time":2.408211157},
{"learn":[0.02024447222],"iteration":592,"passed_time":3.499248154,"remaining_time":2.40167622},
{"learn":[0.02024434798],"iteration":593,"passed_time":3.504607812,"remaining_time":2.39540534},
{"learn":[0.02024426694],"iteration":594,"passed_time":3.509303593,"remaining_time":2.388685639},
{"learn":[0.0202428642],"iteration":595,"passed_time":3.514109732,"remaining_time":2.382047536},
{"learn":[0.02024280893],"iteration":596,"passed_time":3.519073608,"remaining_time":2.37552205},
{"learn":[0.02024243794],"iteration":597,"passed_time":3.524431685,"remaining_time":2.369266785},
{"learn":[0.02024228793],"iteration":598,"passed_time":3.52920398,"remaining_time":2.362622364},
{"learn":[0.02024192557],"iteration":599,"passed_time":3.534463767,"remaining_time":2.356309178},
{"learn":[0.02024188416],"iteration":600,"passed_time":3.539553049,"remaining_time":2.3498863},
{"learn":[0.02024100635],"iteration":601,"passed_time":3.544732391,"remaining_time":2.343527394},
{"learn":[0.02024093905],"iteration":602,"passed_time":3.549694533,"remaining_time":2.337029402},
{"learn":[0.02024083536],"iteration":603,"passed_time":3.55464033,"remaining_time":2.33052578},
{"learn":[0.02024076639],"iteration":604,"passed_time":3.559817878,"remaining_time":2.324178614},
{"learn":[0.02024070428],"iteration":605,"passed_time":3.564968125,"remaining_time":2.31781756},
{"learn":[0.02024038365],"iteration":606,"passed_time":3.570107811,"remaining_time":2.311453657},
{"learn":[0.02024022496],"iteration":607,"passed_time":3.575051249,"remaining_time":2.304967252},
{"learn":[0.02024017292],"iteration":608,"passed_time":3.580086782,"remaining_time":2.298545044},
{"learn":[0.02024015055],"iteration":609,"passed_time":3.585137583,"remaining_time":2.292137143},
{"learn":[0.02024002464],"iteration":610,"passed_time":3.590206521,"remaining_time":2.285745232},
{"learn":[0.02023991075],"iteration":611,"passed_time":3.596544591,"remaining_time":2.280162257},
{"learn":[0.02023974489],"iteration":612,"passed_time":3.601427308,"remaining_time":2.273658023},
{"learn":[0.02023955163],"iteration":613,"passed_time":3.606252155,"remaining_time":2.26712269},
{"learn":[0.02023958953],"iteration":614,"passed_time":3.61115404,"remaining_time":2.260641147},
{"learn":[0.02023938776],"iteration":615,"passed_time":3.616263841,"remaining_time":2.254294343},
{"learn":[0.0202392825],"iteration":616,"passed_time":3.621089553,"remaining_time":2.247775201},
{"learn":[0.02023916344],"iteration":617,"passed_time":3.626474553,"remaining_time":2.241607248},
{"learn":[0.02023910644],"iteration":618,"passed_time":3.633025207,"remaining_time":2.236159295},
{"learn":[0.02023886665],"iteration":619,"passed_time":3.638726961,"remaining_time":2.230187492},
{"learn":[0.02023889253],"iteration":620,"passed_time":3.64508634,"remaining_time":2.224617911},
{"learn":[0.02023865786],"iteration":621,"passed_time":3.650197714,"remaining_time":2.218287357},
{"learn":[0.02023835891],"iteration":622,"passed_time":3.655322763,"remaining_time":2.211968991},
{"learn":[0.02023827442],"iteration":623,"passed_time":3.660446396,"remaining_time":2.205653597},
{"learn":[0.02023823646],"iteration":624,"passed_time":3.665841465,"remaining_time":2.199504879},
{"learn":[0.02023818636],"iteration":625,"passed_time":3.670876719,"remaining_time":2.193143599},
{"learn":[0.02023808795],"iteration":626,"passed_time":3.676055429,"remaining_time":2.18687189},
{"learn":[0.02023804999],"iteration":627,"passed_time":3.681628278,"remaining_time":2.180837133},
{"learn":[0.02023804476],"iteration":628,"passed_time":3.686751625,"remaining_time":2.174538717},
{"learn":[0.02023773201],"iteration":629,"passed_time":3.691530863,"remaining_time":2.168041936},
{"learn":[0.02023753886],"iteration":630,"passed_time":3.698227048,"remaining_time":2.162671602},
{"learn":[0.02023744552],"iteration":631,"passed_time":3.703095801,"remaining_time":2.156232998},
{"learn":[0.0202373628],"iteration":632,"passed_time":3.708167103,"remaining_time":2.149916788},
{"learn":[0.02023731411],"iteration":633,"passed_time":3.714858864,"remaining_time":2.144539975},
{"learn":[0.02023724859],"iteration":634,"passed_time":3.719817004,"remaining_time":2.13816253},
{"learn":[0.02023720686],"iteration":635,"passed_time":3.724717052,"remaining_time":2.1317563},
{"learn":[0.02023716221],"iteration":636,"passed_time":3.747084123,"remaining_time":2.135308535},
{"learn":[0.02023709136],"iteration":637,"passed_time":3.75197654,"remaining_time":2.128864432},
{"learn":[0.02023708257],"iteration":638,"passed_time":3.757015764,"remaining_time":2.122508123},
{"learn":[0.02023691309],"iteration":639,"passed_time":3.762269478,"remaining_time":2.116276581},
{"learn":[0.02023682681],"iteration":640,"passed_time":3.767082099,"remaining_time":2.109801051},
{"learn":[0.02023678696],"iteration":641,"passed_time":3.772042949,"remaining_time":2.103413358},
{"learn":[0.02023665415],"iteration":642,"passed_time":3.777372114,"remaining_time":2.097234595},
{"learn":[0.02023470658],"iteration":643,"passed_time":3.782600777,"remaining_time":2.091002914},
{"learn":[0.02023458897],"iteration":644,"passed_time":3.787957994,"remaining_time":2.084845098},
{"learn":[0.02023449903],"iteration":645,"passed_time":3.793957229,"remaining_time":2.079041577},
{"learn":[0.02023438159],"iteration":646,"passed_time":3.799022787,"remaining_time":2.072728043},
{"learn":[0.02023431596],"iteration":647,"passed_time":3.80395765,"remaining_time":2.066347365},
{"learn":[0.02023422429],"iteration":648,"passed_time":3.810177169,"remaining_time":2.060665927},
{"learn":[0.02023401534],"iteration":649,"passed_time":3.815077847,"remaining_time":2.054272687},
{"learn":[0.02023363913],"iteration":650,"passed_time":3.819946655,"remaining_time":2.047866947},
{"learn":[0.02023220694],"iteration":651,"passed_time":3.827027466,"remaining_time":2.042646561},
{"learn":[0.02023216887],"iteration":652,"passed_time":3.832441693,"remaining_time":2.036534866},
{"learn":[0.02023215858],"iteration":653,"passed_time":3.838386529,"remaining_time":2.030706023},
{"learn":[0.0202318826],"iteration":654,"passed_time":3.84461653,"remaining_time":2.025027027},
{"learn":[0.0202318084],"iteration":655,"passed_time":3.849641618,"remaining_time":2.018714507},
{"learn":[0.020230378],"iteration":656,"passed_time":3.855931811,"remaining_time":2.013066379},
{"learn":[0.02023037633],"iteration":657,"passed_time":3.860812435,"remaining_time":2.006683667},
{"learn":[0.02023037633],"iteration":658,"passed_time":3.865456702,"remaining_time":2.00018321},
{"learn":[0.02023030553],"iteration":659,"passed_time":3.871041195,"remaining_time":1.994172737},
{"learn":[0.0202302192],"iteration":660,"passed_time":3.876120197,"remaining_time":1.987904307},
{"learn":[0.02022996037],"iteration":661,"passed_time":3.881086753,"remaining_time":1.981582058},
{"learn":[0.02022976387],"iteration":662,"passed_time":3.886340174,"remaining_time":1.975409712},
{"learn":[0.02022857952],"iteration":663,"passed_time":3.891222895,"remaining_time":1.969052549},
{"learn":[0.02022842794],"iteration":664,"passed_time":3.896102564,"remaining_time":1.962698284},
{"learn":[0.02022816906],"iteration":665,"passed_time":3.901189901,"remaining_time":1.956452593},
{"learn":[0.02022805874],"iteration":666,"passed_time":3.906823083,"remaining_time":1.950482888},
{"learn":[0.0202278259],"iteration":667,"passed_time":3.911781927,"remaining_time":1.944179041},
{"learn":[0.02022760854],"iteration":668,"passed_time":3.916785073,"remaining_time":1.937901135},
{"learn":[0.02022746219],"iteration":669,"passed_time":3.922148475,"remaining_time":1.931804473},
{"learn":[0.02022725529],"iteration":670,"passed_time":3.927301376,"remaining_time":1.925606785},
{"learn":[0.02022714836],"iteration":671,"passed_time":3.932271747,"remaining_time":1.919323115},
{"learn":[0.02022709341],"iteration":672,"passed_time":3.937629399,"remaining_time":1.913231521},
{"learn":[0.02022698967],"iteration":673,"passed_time":3.942616088,"remaining_time":1.906962678},
{"learn":[0.02022683432],"iteration":674,"passed_time":3.947427899,"remaining_time":1.900613433},
{"learn":[0.02022661027],"iteration":675,"passed_time":3.952276238,"remaining_time":1.894286244},
{"learn":[0.02022656524],"iteration":676,"passed_time":3.957364601,"remaining_time":1.888077941},
{"learn":[0.02022619798],"iteration":677,"passed_time":3.96227461,"remaining_time":1.881788237},
{"learn":[0.02022606166],"iteration":678,"passed_time":3.967598293,"remaining_time":1.875698162},
{"learn":[0.02022571672],"iteration":679,"passed_time":3.972641583,"remaining_time":1.869478392},
{"learn":[0.02022573074],"iteration":680,"passed_time":3.97755893,"remaining_time":1.863203082},
{"learn":[0.02022553732],"iteration":681,"passed_time":3.98305036,"remaining_time":1.857199435},
{"learn":[0.02022553198],"iteration":682,"passed_time":3.98822846,"remaining_time":1.851051862},
{"learn":[0.0202254649],"iteration":683,"passed_time":3.99360477,"remaining_time":1.844998695},
{"learn":[0.02022544764],"iteration":684,"passed_time":3.999622216,"remaining_time":1.839242333},
{"learn":[0.02022534751],"iteration":685,"passed_time":4.00530879,"remaining_time":1.833333761},
{"learn":[0.02022532858],"iteration":686,"passed_time":4.010537796,"remaining_time":1.827217365},
{"learn":[0.0202251419],"iteration":687,"passed_time":4.016235241,"remaining_time":1.821315981},
{"learn":[0.02022484209],"iteration":688,"passed_time":4.022788121,"remaining_time":1.815801314},
{"learn":[0.02022478332],"iteration":689,"passed_time":4.029025989,"remaining_time":1.810142111},
{"learn":[0.02022428653],"iteration":690,"passed_time":4.034704786,"remaining_time":1.804231229},
{"learn":[0.02022426577],"iteration":691,"passed_time":4.039701697,"remaining_time":1.798017519},
{"learn":[0.02022406356],"iteration":692,"passed_time":4.045566303,"remaining_time":1.79219171},
{"learn":[0.02022402705],"iteration":693,"passed_time":4.050695068,"remaining_time":1.786041341},
{"learn":[0.02022409289],"iteration":694,"passed_time":4.056180817,"remaining_time":1.780050574},
{"learn":[0.02022408421],"iteration":695,"passed_time":4.061859103,"remaining_time":1.774145355},
{"learn":[0.02022399098],"iteration":696,"passed_time":4.067329875,"remaining_time":1.768150577},
{"learn":[0.02022399427],"iteration":697,"passed_time":4.072670783,"remaining_time":1.762101112},
{"learn":[0.02022370422],"iteration":698,"passed_time":4.07801027,"remaining_time":1.756053063},
{"learn":[0.02022349716],"iteration":699,"passed_time":4.083547913,"remaining_time":1.750091963},
{"learn":[0.02022342301],"iteration":700,"passed_time":4.089124361,"remaining_time":1.744148622},
{"learn":[0.02022335577],"iteration":701,"passed_time":4.094383529,"remaining_time":1.738071641},
{"learn":[0.02022319735],"iteration":702,"passed_time":4.099693656,"remaining_time":1.732018515},
{"learn":[0.02022303903],"iteration":703,"passed_time":4.105120256,"remaining_time":1.726016471},
{"learn":[0.02022301994],"iteration":704,"passed_time":4.112406911,"remaining_time":1.720794381},
{"learn":[0.02022274855],"iteration":705,"passed_time":4.117654409,"remaining_time":1.714717275},
{"learn":[0.02022268821],"iteration":706,"passed_time":4.123056217,"remaining_time":1.708706466},
{"learn":[0.02022268303],"iteration":707,"passed_time":4.128340109,"remaining_time":1.702648746},
{"learn":[0.02022271043],"iteration":708,"passed_time":4.133747758,"remaining_time":1.696644002},
{"learn":[0.02022268654],"iteration":709,"passed_time":4.138642222,"remaining_time":1.69043133},
{"learn":[0.02022247603],"iteration":710,"passed_time":4.144060098,"remaining_time":1.684435117},
{"learn":[0.02022190682],"iteration":711,"passed_time":4.149375182,"remaining_time":1.67839895},
{"learn":[0.02022192402],"iteration":712,"passed_time":4.155378612,"remaining_time":1.672641882},
{"learn":[0.02022183764],"iteration":713,"passed_time":4.160782583,"remaining_time":1.666644004},
{"learn":[0.02022174257],"iteration":714,"passed_time":4.166385759,"remaining_time":1.660727191},
{"learn":[0.02022174257],"iteration":715,"passed_time":4.172005872,"remaining_time":1.654817972},
{"learn":[0.02022177013],"iteration":716,"passed_time":4.177460247,"remaining_time":1.648844142},
{"learn":[0.02022138339],"iteration":717,"passed_time":4.182652263,"remaining_time":1.642768716},
{"learn":[0.02022120938],"iteration":718,"passed_time":4.188035109,"remaining_time":1.636770328},
{"learn":[0.02022116102],"iteration":719,"passed_time":4.193344067,"remaining_time":1.630744915},
{"learn":[0.02022081742],"iteration":720,"passed_time":4.198796134,"remaining_time":1.624776867},
{"learn":[0.02022072608],"iteration":721,"passed_time":4.204258473,"remaining_time":1.618814204},
{"learn":[0.02022053104],"iteration":722,"passed_time":4.209409536,"remaining_time":1.612733667},
{"learn":[0.02022034463],"iteration":723,"passed_time":4.215621548,"remaining_time":1.607060148},
{"learn":[0.02022018933],"iteration":724,"passed_time":4.223817049,"remaining_time":1.602137501},
{"learn":[0.02022019106],"iteration":725,"passed_time":4.230037003,"remaining_time":1.596460246},
{"learn":[0.02022013239],"iteration":726,"passed_time":4.236158552,"remaining_time":1.590744546},
{"learn":[0.02021987879],"iteration":727,"passed_time":4.241656245,"remaining_time":1.584794641},
{"learn":[0.02021972522],"iteration":728,"passed_time":4.246859619,"remaining_time":1.578736566},
{"learn":[0.02021965631],"iteration":729,"passed_time":4.252550832,"remaining_time":1.572861267},
{"learn":[0.02021960449],"iteration":730,"passed_time":4.25781364,"remaining_time":1.566828822},
{"learn":[0.02021962498],"iteration":731,"passed_time":4.26337477,"remaining_time":1.560907703},
{"learn":[0.02021953029],"iteration":732,"passed_time":4.268785969,"remaining_time":1.554932952},
{"learn":[0.02021942476],"iteration":733,"passed_time":4.274502659,"remaining_time":1.549070446},
{"learn":[0.02021940406],"iteration":734,"passed_time":4.279550196,"remaining_time":1.542967077},
{"learn":[0.02021930409],"iteration":735,"passed_time":4.284722857,"remaining_time":1.53691146},
{"learn":[0.02021929379],"iteration":736,"passed_time":4.289675974,"remaining_time":1.530779893},
{"learn":[0.02021915893],"iteration":737,"passed_time":4.295019834,"remaining_time":1.524790239},
{"learn":[0.02021911573],"iteration":738,"passed_time":4.300635962,"remaining_time":1.518898493},
{"learn":[0.02021906219],"iteration":739,"passed_time":4.30619261,"remaining_time":1.512986593},
{"learn":[0.02021862455],"iteration":740,"passed_time":4.312008572,"remaining_time":1.507166289},
{"learn":[0.02021853838],"iteration":741,"passed_time":4.317394395,"remaining_time":1.501196434},
{"learn":[0.02021845912],"iteration":742,"passed_time":4.322605717,"remaining_time":1.495167792},
{"learn":[0.02021836443],"iteration":743,"passed_time":4.32809728,"remaining_time":1.489237774},
{"learn":[0.02021825901],"iteration":744,"passed_time":4.333526877,"remaining_time":1.483287723},
{"learn":[0.02021815214],"iteration":745,"passed_time":4.338668334,"remaining_time":1.477240961},
{"learn":[0.02021817117],"iteration":746,"passed_time":4.344188285,"remaining_time":1.471324814},
{"learn":[0.02021806915],"iteration":747,"passed_time":4.349361937,"remaining_time":1.465293059},
{"learn":[0.02021794863],"iteration":748,"passed_time":4.354493416,"remaining_time":1.459249463},
{"learn":[0.02021796783],"iteration":749,"passed_time":4.359478858,"remaining_time":1.453159619},
{"learn":[0.02021785535],"iteration":750,"passed_time":4.364688781,"remaining_time":1.447147146},
{"learn":[0.02021782596],"iteration":751,"passed_time":4.370080484,"remaining_time":1.441196755},
{"learn":[0.02021770711],"iteration":752,"passed_time":4.375696811,"remaining_time":1.43532153},
{"learn":[0.02021763631],"iteration":753,"passed_time":4.380942243,"remaining_time":1.429325984},
{"learn":[0.02021755521],"iteration":754,"passed_time":4.386420965,"remaining_time":1.423408128},
{"learn":[0.02021754988],"iteration":755,"passed_time":4.39262266,"remaining_time":1.417724774},
{"learn":[0.02021753774],"iteration":756,"passed_time":4.398636306,"remaining_time":1.411979686},
{"learn":[0.02021745476],"iteration":757,"passed_time":4.404354606,"remaining_time":1.406139597},
{"learn":[0.02021732],"iteration":758,"passed_time":4.410750458,"remaining_time":1.400514968},
{"learn":[0.02021723006],"iteration":759,"passed_time":4.416896341,"remaining_time":1.394809371},
{"learn":[0.02021724058],"iteration":760,"passed_time":4.425176765,"remaining_time":1.389772992},
{"learn":[0.02021718353],"iteration":761,"passed_time":4.431434691,"remaining_time":1.3840964},
{"learn":[0.02021707466],"iteration":762,"passed_time":4.467652052,"remaining_time":1.387724163},
{"learn":[0.02021700208],"iteration":763,"passed_time":4.477492745,"remaining_time":1.383099853},
{"learn":[0.02021695732],"iteration":764,"passed_time":4.484727136,"remaining_time":1.377661277},
{"learn":[0.02021693985],"iteration":765,"passed_time":4.490669914,"remaining_time":1.371823446},
{"learn":[0.02021673246],"iteration":766,"passed_time":4.496660359,"remaining_time":1.365999822},
{"learn":[0.02021676018],"iteration":767,"passed_time":4.50262805,"remaining_time":1.36016889},
{"learn":[0.02021647757],"iteration":768,"passed_time":4.508723118,"remaining_time":1.354375865},
{"learn":[0.02021642392],"iteration":769,"passed_time":4.514701414,"remaining_time":1.348547176},
{"learn":[0.02021634104],"iteration":770,"passed_time":4.520920975,"remaining_time":1.342789758},
{"learn":[0.02021615603],"iteration":771,"passed_time":4.527171352,"remaining_time":1.337040244},
{"learn":[0.0202159137],"iteration":772,"passed_time":4.533518848,"remaining_time":1.331317954},
{"learn":[0.02021583778],"iteration":773,"passed_time":4.539456967,"remaining_time":1.325474515},
{"learn":[0.02021580316],"iteration":774,"passed_time":4.545430134,"remaining_time":1.319641007},
{"learn":[0.02021561314],"iteration":775,"passed_time":4.55145467,"remaining_time":1.313821967},
{"learn":[0.02021544711],"iteration":776,"passed_time":4.557211581,"remaining_time":1.307925589},
{"learn":[0.02021536418],"iteration":777,"passed_time":4.563034776,"remaining_time":1.302048484},
{"learn":[0.02021530708],"iteration":778,"passed_time":4.56879153,"remaining_time":1.296152668},
{"learn":[0.02021525181],"iteration":779,"passed_time":4.574602742,"remaining_time":1.290272568},
{"learn":[0.02021517745],"iteration":780,"passed_time":4.580296538,"remaining_time":1.284359721},
{"learn":[0.02021504954],"iteration":781,"passed_time":4.586089565,"remaining_time":1.278475096},
{"learn":[0.02021481838],"iteration":782,"passed_time":4.591883786,"remaining_time":1.272591037},
{"learn":[0.02021421083],"iteration":783,"passed_time":4.597634329,"remaining_time":1.266695172},
{"learn":[0.02021413496],"iteration":784,"passed_time":4.603237834,"remaining_time":1.260759407},
{"learn":[0.02021399163],"iteration":785,"passed_time":4.60905097,"remaining_time":1.254881562},
{"learn":[0.02021392779],"iteration":786,"passed_time":4.614764578,"remaining_time":1.248976944},
{"learn":[0.02021383984],"iteration":787,"passed_time":4.620437711,"remaining_time":1.243061922},
{"learn":[0.02021386395],"iteration":788,"passed_time":4.627236416,"remaining_time":1.237448522},
{"learn":[0.0202135451],"iteration":789,"passed_time":4.633869885,"remaining_time":1.231788197},
{"learn":[0.02021345192],"iteration":790,"passed_time":4.641933887,"remaining_time":1.226503391},
{"learn":[0.020213222],"iteration":791,"passed_time":4.648089889,"remaining_time":1.220710476},
{"learn":[0.02021302831],"iteration":792,"passed_time":4.654661981,"remaining_time":1.215025259},
{"learn":[0.02021262653],"iteration":793,"passed_time":4.661161221,"remaining_time":1.209318906},
{"learn":[0.0202126454],"iteration":794,"passed_time":4.66802695,"remaining_time":1.203705063},
{"learn":[0.0202125195],"iteration":795,"passed_time":4.674347833,"remaining_time":1.19794844},
{"learn":[0.02021252284],"iteration":796,"passed_time":4.680187551,"remaining_time":1.192067846},
{"learn":[0.02021228801],"iteration":797,"passed_time":4.687025688,"remaining_time":1.186440086},
{"learn":[0.02021225684],"iteration":798,"passed_time":4.693585029,"remaining_time":1.180739163},
{"learn":[0.02021151195],"iteration":799,"passed_time":4.700086088,"remaining_time":1.175021522},
{"learn":[0.02021136178],"iteration":800,"passed_time":4.706181159,"remaining_time":1.169201062},
{"learn":[0.02021133045],"iteration":801,"passed_time":4.712146041,"remaining_time":1.163347776},
{"learn":[0.02021130974],"iteration":802,"passed_time":4.718209581,"remaining_time":1.157518415},
{"learn":[0.02021127189],"iteration":803,"passed_time":4.724215186,"remaining_time":1.151674349},
{"learn":[0.02021125107],"iteration":804,"passed_time":4.730246505,"remaining_time":1.14583611},
{"learn":[0.02021112004],"iteration":805,"passed_time":4.737253107,"remaining_time":1.140232137},
{"learn":[0.02021110095],"iteration":806,"passed_time":4.743386167,"remaining_time":1.134415775},
{"learn":[0.02021105954],"iteration":807,"passed_time":4.74933038,"remaining_time":1.128553754},
{"learn":[0.02021078389],"iteration":808,"passed_time":4.755161025,"remaining_time":1.122664717},
{"learn":[0.02021071309],"iteration":809,"passed_time":4.761025534,"remaining_time":1.116783767},
{"learn":[0.02021066984],"iteration":810,"passed_time":4.767350231,"remaining_time":1.111010103},
{"learn":[0.0202106404],"iteration":811,"passed_time":4.774336897,"remaining_time":1.105388346},
{"learn":[0.02021043647],"iteration":812,"passed_time":4.780675367,"remaining_time":1.099614137},
{"learn":[0.02021042951],"iteration":813,"passed_time":4.786927012,"remaining_time":1.093818703},
{"learn":[0.02021032598],"iteration":814,"passed_time":4.793197263,"remaining_time":1.088026373},
{"learn":[0.02021029826],"iteration":815,"passed_time":4.799441244,"remaining_time":1.082226947},
{"learn":[0.02021014297],"iteration":816,"passed_time":4.805785762,"remaining_time":1.076448953},
{"learn":[0.02021002876],"iteration":817,"passed_time":4.812369179,"remaining_time":1.070722727},
{"learn":[0.02020984763],"iteration":818,"passed_time":4.818645003,"remaining_time":1.064926429},
{"learn":[0.02020962132],"iteration":819,"passed_time":4.825361782,"remaining_time":1.059225757},
{"learn":[0.02020952302],"iteration":820,"passed_time":4.832356868,"remaining_time":1.053583288},
{"learn":[0.02020954022],"iteration":821,"passed_time":4.839207215,"remaining_time":1.047906185},
{"learn":[0.02020948662],"iteration":822,"passed_time":4.846977147,"remaining_time":1.042424004},
{"learn":[0.02020939166],"iteration":823,"passed_time":4.853127145,"remaining_time":1.036590264},
{"learn":[0.02020926732],"iteration":824,"passed_time":4.860007546,"remaining_time":1.030910692},
{"learn":[0.02020920347],"iteration":825,"passed_time":4.866411073,"remaining_time":1.025127756},
{"learn":[0.02020914303],"iteration":826,"passed_time":4.872846993,"remaining_time":1.019350096},
{"learn":[0.02020909282],"iteration":827,"passed_time":4.879600242,"remaining_time":1.013636765},
{"learn":[0.02020848183],"iteration":828,"passed_time":4.886025145,"remaining_time":1.007853196},
{"learn":[0.02020831812],"iteration":829,"passed_time":4.892402731,"remaining_time":1.002058391},
{"learn":[0.02020804813],"iteration":830,"passed_time":4.899087308,"remaining_time":0.9963246151},
{"learn":[0.02020743465],"iteration":831,"passed_time":4.905257187,"remaining_time":0.9904846243},
{"learn":[0.02020725531],"iteration":832,"passed_time":4.911785974,"remaining_time":0.9847157955},
{"learn":[0.02020724172],"iteration":833,"passed_time":4.918096113,"remaining_time":0.9789016244},
{"learn":[0.02020691387],"iteration":834,"passed_time":4.924980773,"remaining_time":0.9731997934},
{"learn":[0.02020672066],"iteration":835,"passed_time":4.931450932,"remaining_time":0.9674138192},
{"learn":[0.02020649257],"iteration":836,"passed_time":4.938706165,"remaining_time":0.9617790978},
{"learn":[0.02020629764],"iteration":837,"passed_time":4.945410091,"remaining_time":0.9560339317},
{"learn":[0.02020623714],"iteration":838,"passed_time":4.951629364,"remaining_time":0.9501934776},
{"learn":[0.02020616149],"iteration":839,"passed_time":4.958480888,"remaining_time":0.9444725502},
{"learn":[0.02020604528],"iteration":840,"passed_time":4.96504758,"remaining_time":0.9386950835},
{"learn":[0.02020595885],"iteration":841,"passed_time":4.97168664,"remaining_time":0.932929322},
{"learn":[0.02020578624],"iteration":842,"passed_time":4.97827266,"remaining_time":0.9271516104},
{"learn":[0.02020588114],"iteration":843,"passed_time":4.984662116,"remaining_time":0.9213356518},
{"learn":[0.02020569452],"iteration":844,"passed_time":4.991006808,"remaining_time":0.9155101245},
{"learn":[0.02020562733],"iteration":845,"passed_time":4.997460316,"remaining_time":0.909703178},
{"learn":[0.02020517638],"iteration":846,"passed_time":5.003828778,"remaining_time":0.9038793424},
{"learn":[0.02020512461],"iteration":847,"passed_time":5.010160346,"remaining_time":0.8980476092},
{"learn":[0.02020494343],"iteration":848,"passed_time":5.016882841,"remaining_time":0.8922842273},
{"learn":[0.02020487608],"iteration":849,"passed_time":5.023420358,"remaining_time":0.8864859456},
{"learn":[0.02020486918],"iteration":850,"passed_time":5.029511409,"remaining_time":0.8806077554},
{"learn":[0.02020400944],"iteration":851,"passed_time":5.036696007,"remaining_time":0.8749190246},
{"learn":[0.02020395945],"iteration":852,"passed_time":5.042957777,"remaining_time":0.8690677528},
{"learn":[0.0202035594],"iteration":853,"passed_time":5.051902181,"remaining_time":0.8636741433},
{"learn":[0.02020330381],"iteration":854,"passed_time":5.057812359,"remaining_time":0.8577576515},
{"learn":[0.02020326935],"iteration":855,"passed_time":5.063917231,"remaining_time":0.8518739266},
{"learn":[0.0202030638],"iteration":856,"passed_time":5.070414349,"remaining_time":0.8460551363},
{"learn":[0.02020301025],"iteration":857,"passed_time":5.076486778,"remaining_time":0.8401644784},
{"learn":[0.02020301025],"iteration":858,"passed_time":5.08314228,"remaining_time":0.8343691054},
{"learn":[0.02020292225],"iteration":859,"passed_time":5.089000618,"remaining_time":0.8284419611},
{"learn":[0.02020264304],"iteration":860,"passed_time":5.095029865,"remaining_time":0.8225425682},
{"learn":[0.02020253762],"iteration":861,"passed_time":5.101223616,"remaining_time":0.8166692101},
{"learn":[0.02020230797],"iteration":862,"passed_time":5.107306858,"remaining_time":0.8107775661},
{"learn":[0.02020234598],"iteration":863,"passed_time":5.113508844,"remaining_time":0.8049041699},
{"learn":[0.02020203199],"iteration":864,"passed_time":5.119808835,"remaining_time":0.7990453095},
{"learn":[0.02020203398],"iteration":865,"passed_time":5.125759795,"remaining_time":0.7931314232},
{"learn":[0.02020178691],"iteration":866,"passed_time":5.132239183,"remaining_time":0.7872985137},
{"learn":[0.02020173342],"iteration":867,"passed_time":5.138293621,"remaining_time":0.7813994908},
{"learn":[0.02020159883],"iteration":868,"passed_time":5.14472792,"remaining_time":0.7755573735},
{"learn":[0.02020149535],"iteration":869,"passed_time":5.150809505,"remaining_time":0.7696611903},
{"learn":[0.0202013537],"iteration":870,"passed_time":5.156909974,"remaining_time":0.7637673784},
{"learn":[0.02020139511],"iteration":871,"passed_time":5.163178925,"remaining_time":0.7578978238},
{"learn":[0.02020120363],"iteration":872,"passed_time":5.179679627,"remaining_time":0.753515822},
{"learn":[0.02020122083],"iteration":873,"passed_time":5.186298804,"remaining_time":0.7476815209},
{"learn":[0.02020092221],"iteration":874,"passed_time":5.192288314,"remaining_time":0.7417554735},
{"learn":[0.02020093256],"iteration":875,"passed_time":5.198264849,"remaining_time":0.7358274444},
{"learn":[0.02020069061],"iteration":876,"passed_time":5.204222397,"remaining_time":0.7298966417},
{"learn":[0.02020060957],"iteration":877,"passed_time":5.210436935,"remaining_time":0.7240014875},
{"learn":[0.0202005544],"iteration":878,"passed_time":5.216408887,"remaining_time":0.7180722131},
{"learn":[0.02020050776],"iteration":879,"passed_time":5.222455877,"remaining_time":0.7121530741},
{"learn":[0.02020037317],"iteration":880,"passed_time":5.22844455,"remaining_time":0.7062257678},
{"learn":[0.02020009202],"iteration":881,"passed_time":5.234472106,"remaining_time":0.7003035245},
{"learn":[0.02019994697],"iteration":882,"passed_time":5.241868981,"remaining_time":0.6945624811},
{"learn":[0.02019994697],"iteration":883,"passed_time":5.247668099,"remaining_time":0.6886080311},
{"learn":[0.02019981928],"iteration":884,"passed_time":5.255732981,"remaining_time":0.6829483535},
{"learn":[0.02019957431],"iteration":885,"passed_time":5.262415439,"remaining_time":0.6771053726},
{"learn":[0.02019947423],"iteration":886,"passed_time":5.268322199,"remaining_time":0.6711616782},
{"learn":[0.02019949504],"iteration":887,"passed_time":5.27500161,"remaining_time":0.6653155184},
{"learn":[0.02019940871],"iteration":888,"passed_time":5.281022696,"remaining_time":0.659385286},
{"learn":[0.02019929812],"iteration":889,"passed_time":5.286710197,"remaining_time":0.6534136199},
{"learn":[0.02019920133],"iteration":890,"passed_time":5.293008843,"remaining_time":0.6475173556},
{"learn":[0.02019922036],"iteration":891,"passed_time":5.298960602,"remaining_time":0.6415781895},
{"learn":[0.02019906684],"iteration":892,"passed_time":5.305168446,"remaining_time":0.6356696794},
{"learn":[0.02019902192],"iteration":893,"passed_time":5.311095624,"remaining_time":0.6297272216},
{"learn":[0.02019902888],"iteration":894,"passed_time":5.317199457,"remaining_time":0.6238055229},
{"learn":[0.02019895285],"iteration":895,"passed_time":5.323517926,"remaining_time":0.6179083307},
{"learn":[0.02019886986],"iteration":896,"passed_time":5.329775082,"remaining_time":0.6120031588},
{"learn":[0.02019866442],"iteration":897,"passed_time":5.335655631,"remaining_time":0.6060544258},
{"learn":[0.02019848313],"iteration":898,"passed_time":5.341684789,"remaining_time":0.6001225403},
{"learn":[0.02019834352],"iteration":899,"passed_time":5.347746884,"remaining_time":0.5941940983},
{"learn":[0.02019816542],"iteration":900,"passed_time":5.355467417,"remaining_time":0.5884475852},
{"learn":[0.02019792579],"iteration":901,"passed_time":5.361455256,"remaining_time":0.5825084424},
{"learn":[0.02019754779],"iteration":902,"passed_time":5.367645826,"remaining_time":0.5765909692},
{"learn":[0.02019745801],"iteration":903,"passed_time":5.373624148,"remaining_time":0.570650352},
{"learn":[0.02019735615],"iteration":904,"passed_time":5.379862401,"remaining_time":0.5647369372},
{"learn":[0.02019734925],"iteration":905,"passed_time":5.386786264,"remaining_time":0.5588939391},
{"learn":[0.02019728033],"iteration":906,"passed_time":5.392470359,"remaining_time":0.552921437},
{"learn":[0.02019703321],"iteration":907,"passed_time":5.39853312,"remaining_time":0.5469879373},
{"learn":[0.02019703477],"iteration":908,"passed_time":5.404941719,"remaining_time":0.5410887749},
{"learn":[0.02019690859],"iteration":909,"passed_time":5.411022371,"remaining_time":0.5351560587},
{"learn":[0.02019688422],"iteration":910,"passed_time":5.417141485,"remaining_time":0.5292267752},
{"learn":[0.02019674968],"iteration":911,"passed_time":5.423216193,"remaining_time":0.5232927905},
{"learn":[0.0201965423],"iteration":912,"passed_time":5.430202645,"remaining_time":0.517445378},
{"learn":[0.02019657017],"iteration":913,"passed_time":5.436368787,"remaining_time":0.5115182885},
{"learn":[0.020196475],"iteration":914,"passed_time":5.442345101,"remaining_time":0.5055730421},
{"learn":[0.02019647851],"iteration":915,"passed_time":5.450378678,"remaining_time":0.4998163853},
{"learn":[0.02019628843],"iteration":916,"passed_time":5.456945001,"remaining_time":0.4939219576},
{"learn":[0.02019628331],"iteration":917,"passed_time":5.46456966,"remaining_time":0.4881206014},
{"learn":[0.02019597773],"iteration":918,"passed_time":5.471432476,"remaining_time":0.482248129},
{"learn":[0.02019586228],"iteration":919,"passed_time":5.477922714,"remaining_time":0.4763411056},
{"learn":[0.0201957829],"iteration":920,"passed_time":5.484861907,"remaining_time":0.4704713254},
{"learn":[0.0201957829],"iteration":921,"passed_time":5.491041242,"remaining_time":0.4645349423},
{"learn":[0.02019574845],"iteration":922,"passed_time":5.497726806,"remaining_time":0.4586402644},
{"learn":[0.02019574845],"iteration":923,"passed_time":5.504101433,"remaining_time":0.4527182997},
{"learn":[0.02019570003],"iteration":924,"passed_time":5.510146124,"remaining_time":0.4467686047},
{"learn":[0.02019562933],"iteration":925,"passed_time":5.516530194,"remaining_time":0.4408458255},
{"learn":[0.02019558959],"iteration":926,"passed_time":5.523034353,"remaining_time":0.4349315078},
{"learn":[0.02019550688],"iteration":927,"passed_time":5.529465892,"remaining_time":0.4290102847},
{"learn":[0.02019532915],"iteration":928,"passed_time":5.536384603,"remaining_time":0.4231251957},
{"learn":[0.02019525328],"iteration":929,"passed_time":5.542865093,"remaining_time":0.4172048995},
{"learn":[0.0201952412],"iteration":930,"passed_time":5.549225661,"remaining_time":0.411274512},
{"learn":[0.02019513077],"iteration":931,"passed_time":5.555510349,"remaining_time":0.405337665},
{"learn":[0.02019481332],"iteration":932,"passed_time":5.561964534,"remaining_time":0.3994122442},
{"learn":[0.02019464595],"iteration":933,"passed_time":5.568600618,"remaining_time":0.3934985447},
{"learn":[0.02019466347],"iteration":934,"passed_time":5.574868474,"remaining_time":0.3875577014},
{"learn":[0.02019455466],"iteration":935,"passed_time":5.58171778,"remaining_time":0.3816559166},
{"learn":[0.02019426121],"iteration":936,"passed_time":5.588087279,"remaining_time":0.3757198491},
{"learn":[0.02019416453],"iteration":937,"passed_time":5.594556749,"remaining_time":0.3697894653},
{"learn":[0.02019414037],"iteration":938,"passed_time":5.601086269,"remaining_time":0.3638618343},
{"learn":[0.02019410931],"iteration":939,"passed_time":5.606283172,"remaining_time":0.357847862},
{"learn":[0.02019386774],"iteration":940,"passed_time":5.611605026,"remaining_time":0.3518434607},
{"learn":[0.02019387291],"iteration":941,"passed_time":5.616844904,"remaining_time":0.3458354612},
{"learn":[0.02019387119],"iteration":942,"passed_time":5.622237346,"remaining_time":0.3398383125},
{"learn":[0.02019358459],"iteration":943,"passed_time":5.627898559,"remaining_time":0.3338583891},
{"learn":[0.02019350182],"iteration":944,"passed_time":5.63346497,"remaining_time":0.3278736226},
{"learn":[0.02019340336],"iteration":945,"passed_time":5.639203127,"remaining_time":0.3218995443},
{"learn":[0.02019334647],"iteration":946,"passed_time":5.644586371,"remaining_time":0.315906101},
{"learn":[0.02019325653],"iteration":947,"passed_time":5.649910314,"remaining_time":0.3099106923},
{"learn":[0.02019310463],"iteration":948,"passed_time":5.657143173,"remaining_time":0.3040192854},
{"learn":[0.02019297866],"iteration":949,"passed_time":5.664423848,"remaining_time":0.298127571},
{"learn":[0.02019290258],"iteration":950,"passed_time":5.671937238,"remaining_time":0.292244926},
{"learn":[0.02019277327],"iteration":951,"passed_time":5.677963102,"remaining_time":0.2862838539},
{"learn":[0.02019219339],"iteration":952,"passed_time":5.683195747,"remaining_time":0.2802835258},
{"learn":[0.02019203604],"iteration":953,"passed_time":5.688562078,"remaining_time":0.2742912532},
{"learn":[0.02019167223],"iteration":954,"passed_time":5.694670594,"remaining_time":0.2683352636},
{"learn":[0.02019161011],"iteration":955,"passed_time":5.700650677,"remaining_time":0.2623730437},
{"learn":[0.02019148921],"iteration":956,"passed_time":5.706681214,"remaining_time":0.2564130535},
{"learn":[0.02019148414],"iteration":957,"passed_time":5.712742536,"remaining_time":0.2504542657},
{"learn":[0.02019136853],"iteration":958,"passed_time":5.718959381,"remaining_time":0.2445019131},
{"learn":[0.02019132022],"iteration":959,"passed_time":5.725554766,"remaining_time":0.2385647819},
{"learn":[0.0201910752],"iteration":960,"passed_time":5.732016591,"remaining_time":0.2326208606},
{"learn":[0.02019101653],"iteration":961,"passed_time":5.738252797,"remaining_time":0.2266669504},
{"learn":[0.02019087158],"iteration":962,"passed_time":5.744649454,"remaining_time":0.2207186187},
{"learn":[0.02019081815],"iteration":963,"passed_time":5.750930606,"remaining_time":0.2147650434},
{"learn":[0.02019077501],"iteration":964,"passed_time":5.757237993,"remaining_time":0.2088117407},
{"learn":[0.02019074568],"iteration":965,"passed_time":5.763416666,"remaining_time":0.2028531746},
{"learn":[0.02019070415],"iteration":966,"passed_time":5.770070747,"remaining_time":0.1969103771},
{"learn":[0.02019068194],"iteration":967,"passed_time":5.776347002,"remaining_time":0.1909536199},
{"learn":[0.02019068528],"iteration":968,"passed_time":5.782473739,"remaining_time":0.1849914199},
{"learn":[0.02019052988],"iteration":969,"passed_time":5.788830379,"remaining_time":0.1790359911},
{"learn":[0.02019046053],"iteration":970,"passed_time":5.795015204,"remaining_time":0.1730746044},
{"learn":[0.02019032788],"iteration":971,"passed_time":5.800848279,"remaining_time":0.1671026253},
{"learn":[0.02019028992],"iteration":972,"passed_time":5.806656569,"remaining_time":0.161130244},
{"learn":[0.02019017426],"iteration":973,"passed_time":5.812495245,"remaining_time":0.1551590107},
{"learn":[0.02019017426],"iteration":974,"passed_time":5.819590947,"remaining_time":0.1492202807},
{"learn":[0.02019020699],"iteration":975,"passed_time":5.825529867,"remaining_time":0.1432507344},
{"learn":[0.0201899776],"iteration":976,"passed_time":5.831719017,"remaining_time":0.1372871416},
{"learn":[0.02018968966],"iteration":977,"passed_time":5.837858132,"remaining_time":0.1313219621},
{"learn":[0.02018954336],"iteration":978,"passed_time":5.843968405,"remaining_time":0.1253558085},
{"learn":[0.0201895225],"iteration":979,"passed_time":5.850330327,"remaining_time":0.1193944965},
{"learn":[0.02018935356],"iteration":980,"passed_time":5.856030641,"remaining_time":0.1134195537},
{"learn":[0.02018935356],"iteration":981,"passed_time":5.862093119,"remaining_time":0.1074518087},
{"learn":[0.02018935356],"iteration":982,"passed_time":5.869088401,"remaining_time":0.1015000029},
{"learn":[0.02018936369],"iteration":983,"passed_time":5.875984597,"remaining_time":0.09554446499},
{"learn":[0.02018929818],"iteration":984,"passed_time":5.88401563,"remaining_time":0.08960429894},
{"learn":[0.02018912886],"iteration":985,"passed_time":5.890313377,"remaining_time":0.08363528122},
{"learn":[0.02018885979],"iteration":986,"passed_time":5.896530197,"remaining_time":0.07766453147},
{"learn":[0.02018863547],"iteration":987,"passed_time":5.91597553,"remaining_time":0.07185395381},
{"learn":[0.02018866486],"iteration":988,"passed_time":5.922462315,"remaining_time":0.06587167388},
{"learn":[0.02018838705],"iteration":989,"passed_time":5.928966311,"remaining_time":0.0598885486},
{"learn":[0.0201882283],"iteration":990,"passed_time":5.935509365,"remaining_time":0.05390472682},
{"learn":[0.02018824901],"iteration":991,"passed_time":5.940675881,"remaining_time":0.04790867646},
{"learn":[0.02018771393],"iteration":992,"passed_time":5.946014598,"remaining_time":0.04191551076},
{"learn":[0.02018771744],"iteration":993,"passed_time":5.951851075,"remaining_time":0.03592666645},
{"learn":[0.02018759336],"iteration":994,"passed_time":5.957218476,"remaining_time":0.02993577123},
{"learn":[0.02018757616],"iteration":995,"passed_time":5.962470792,"remaining_time":0.02394566583},
{"learn":[0.02018727053],"iteration":996,"passed_time":5.967869057,"remaining_time":0.01795747961},
{"learn":[0.02018716182],"iteration":997,"passed_time":5.973255829,"remaining_time":0.01197045256},
{"learn":[0.02018717374],"iteration":998,"passed_time":5.978509145,"remaining_time":0.005984493638},
{"learn":[0.02018707366],"iteration":999,"passed_time":5.984886208,"remaining_time":0}
]}